ACC_X,ACC_Y,ACC_Z,GYRO_X,GYRO_Y,GYRO_Z,LIGH_1,GRAV_X,GRAV_Y,GRAV_Z,LINACC_X,LINACC_Y,LINACC_Z,ROTVEC_X,ROTVEC_Y,ROTVEC_Z,TIME,VOICE
-1.5406688,1.4185646,10.375273,-0.23116238,-0.018109497,-0.38775626,86.0,0.14219649,1.2017196,9.731703,-1.3716191,-0.11954045,-1.4944515,0.017156,0.059388,0.984785,2017-05-19 13:39:31,47.050205939495655
0.94331545,-0.18315643,9.715671,0.007456851,-0.010652645,-0.004261058,120.0,0.91873187,0.001918856,9.763519,0.037751734,-0.15395066,-0.09692955,0.045933,-0.009445,0.978006,2017-05-19 13:39:32,50.329143609372224
0.93373865,-0.142455,9.751583,-0.0031957934,0.0063915867,-0.0053263223,120.0,0.9282152,-0.15631467,9.761372,0.006720543,-0.014870748,0.020139694,0.044758,-0.017473,0.977857,2017-05-19 13:39:33,49.65147800524436
0.92057055,-0.16759412,9.773131,0.0010652645,-0.002130529,0.0010652645,122.0,0.92381746,-0.16549361,9.761638,0.0015414953,-0.015268624,-0.016039848,0.044427,-0.017924,0.977688,2017-05-19 13:39:34,49.57038017383513
0.91458505,-0.17836803,9.726444,0.002130529,0.0010652645,-0.0010652645,122.0,0.9299753,-0.16668685,9.761032,-0.0010250211,-0.02484928,-0.04176998,0.044725,-0.018043,0.977697,2017-05-19 13:39:35,52.024626926913285
0.94331545,-0.15442601,9.776723,-0.0010652645,0.0010652645,-0.0010652645,120.0,0.926787,-0.16305375,9.761397,0.00814873,-0.02010268,-0.013404846,0.044602,-0.017831,0.977693,2017-05-19 13:39:36,50.40732110944898
0.9528923,-0.17357962,9.744401,0.0,-0.0010652645,-0.0010652645,121.0,0.93146545,-0.16117997,9.7609825,-0.012091994,-0.0016257465,-0.020173073,0.044854,-0.017791,0.977662,2017-05-19 13:39:37,51.86628673233063
0.92655605,-0.18435353,9.710882,0.0010652645,-0.0010652645,-0.0010652645,120.0,0.92622364,-0.16640197,9.761394,3.324151E-4,-0.011966065,-0.026569366,0.044537,-0.017997,0.977672,2017-05-19 13:39:38,56.03720055522966
0.93254155,-0.16519992,9.737218,0.0010652645,-0.0010652645,0.0010652645,120.0,0.9282314,-0.16983874,9.761144,0.004310131,0.016609833,-0.0011806488,0.0446,-0.018194,0.977646,2017-05-19 13:39:39,50.63542543867015
0.92176765,-0.1448492,9.727641,0.0010652645,-0.002130529,-0.0010652645,120.0,0.92732316,-0.16664551,9.761286,-0.004358411,-0.0057370067,-0.034841537,0.044587,-0.018027,0.97764,2017-05-19 13:39:40,52.1327736758426
0.94092125,-0.18435353,9.7240505,-0.0010652645,0.0,0.0010652645,120.0,0.9268591,-0.16702347,9.761323,0.0128650665,0.004217744,0.011808395,0.044559,-0.018043,0.977632,2017-05-19 13:39:41,50.73044889606328
0.91697925,-0.17357962,9.751583,0.0,0.002130529,0.0,120.0,0.92851335,-0.16578698,9.761187,0.004028201,-0.006595537,-0.0036172867,0.044655,-0.017998,0.977631,2017-05-19 13:39:42,51.5678492168114
0.93373865,-0.15442601,9.767146,0.0,-0.002130529,-0.0010652645,120.0,0.9257309,-0.167109,9.761429,0.006810665,-0.026821345,-0.03139305,0.044501,-0.018037,0.977627,2017-05-19 13:39:43,51.683501540017254
0.93134445,-0.1604115,9.750386,0.0010652645,0.002130529,0.0,120.0,0.9276189,-0.16649571,9.76126,0.013302326,-0.01905492,0.023841858,0.044602,-0.018026,0.977624,2017-05-19 13:39:44,51.253793033060084
0.94810385,-0.16759412,9.752781,0.0010652645,-0.0010652645,-0.0010652645,121.0,0.9314051,-0.16820815,9.76087,0.00831902,0.007796645,-0.0092868805,0.044773,-0.018153,0.977607,2017-05-19 13:39:45,51.87290332964119
0.93373865,-0.16639702,9.779117,0.0010652645,0.0,0.002130529,120.0,0.9297792,-0.16448015,9.761087,-0.00801152,-0.012690783,0.0036640167,0.04473,-0.017951,0.977606,2017-05-19 13:39:46,52.19629454574995
0.94690675,-0.17956513,9.7240505,-0.0010652645,0.002130529,-0.0010652645,120.0,0.9266279,-0.16359898,9.761403,-0.002466023,-0.009980634,-0.015805244,0.044583,-0.01787,0.977631,2017-05-19 13:39:47,52.84598165799889
0.93373865,-0.16879122,9.738416,0.0,-0.002130529,0.0010652645,120.0,0.9305861,-0.16573682,9.76099,0.024700403,-6.6019595E-4,-0.010603905,0.044759,-0.018018,0.977623,2017-05-19 13:39:48,53.124098418860406
0.92775315,-0.16400282,9.774328,0.0,0.002130529,-0.0010652645,120.0,0.9281435,-0.16325668,9.761265,-3.9035082E-4,0.006436467,0.031020164,0.044662,-0.01787,0.977622,2017-05-19 13:39:49,52.52095782884986
0.93732995,-0.1604115,9.763555,-0.0010652645,0.0010652645,-0.002130529,120.0,0.9271811,-0.16475388,9.761331,-0.009004772,0.011524975,0.010603905,0.044596,-0.01794,0.9776,2017-05-19 13:39:50,52.02580891065921
0.93732995,-0.16519992,9.740809,0.002130529,-0.0010652645,0.0,122.0,0.9281158,-0.16467933,9.761243,0.02118516,0.007859126,0.022662163,0.044642,-0.01795,0.97758,2017-05-19 13:39:51,52.68579200354182
0.92895025,-0.16160862,9.764751,-0.0010652645,0.0,-0.002130529,120.0,0.93178666,-0.16498917,9.760888,-0.0028364062,0.008168966,0.0014696121,0.044821,-0.018008,0.977553,2017-05-19 13:39:52,51.91551930268587
0.92296475,-0.16400282,9.746795,0.0,-0.0010652645,-0.0010652645,120.0,0.9320449,-0.1638516,9.760882,-0.025839567,0.011819795,-9.1934204E-4,0.044843,-0.017961,0.97752,2017-05-19 13:39:54,53.85935441331711
0.94211835,-0.17597382,9.765948,0.0031957934,0.0010652645,-0.0010652645,120.0,0.9329531,-0.16186571,9.760829,0.007968128,0.0050455034,-0.011639595,0.044907,-0.017877,0.977493,2017-05-19 13:39:55,54.63429921491972
0.93014735,-0.16639702,9.745598,0.0010652645,0.0,-0.0010652645,120.0,0.93069935,-0.16371152,9.761014,0.0018422008,-0.0122623,0.0037374496,0.044773,-0.01795,0.977477,2017-05-19 13:39:56,53.91410372382505
0.9540894,-0.17238252,9.749189,-0.0010652645,0.0031957934,0.0,120.0,0.9347739,-0.1592308,9.760698,-0.018991768,0.0071989894,0.008841515,0.045022,-0.017774,0.977447,2017-05-19 13:39:57,54.41104450962658
0.93254155,-0.17238252,9.77792,0.0,0.0010652645,0.0,120.0,0.93211156,-0.16227245,9.760902,-0.016329408,0.003058046,0.0038490295,0.044854,-0.017905,0.977419,2017-05-19 13:39:58,56.00081044222553
0.92176765,-0.14604631,9.726444,0.0031957934,-0.002130529,0.0,120.0,0.92815065,-0.16686842,9.761203,-0.0027917027,0.0064569116,-0.009619713,0.044607,-0.018094,0.977421,2017-05-19 13:39:59,55.818558279358726
0.92057055,-0.15322891,9.7719345,-0.0010652645,0.002130529,0.0010652645,120.0,0.9321862,-0.16591264,9.760835,-0.0056301355,-0.016046688,-0.0068569183,0.044819,-0.018089,0.977411,2017-05-19 13:40:00,55.06321302031981
0.92416185,-0.18435353,9.7324295,0.002130529,0.0,0.0010652645,120.0,0.92550164,-0.16395879,9.761503,-1.4269352E-4,0.0023501664,0.008036613,0.044506,-0.017918,0.977441,2017-05-19 13:40:01,57.339777127546924
0.94690675,-0.16400282,9.781511,0.002130529,0.002130529,0.0010652645,119.0,0.9313764,-0.16925472,9.760854,-3.194809E-5,0.0028577,0.0015039444,0.044746,-0.018241,0.977441,2017-05-19 13:40:02,55.554079305814206
0.94810385,-0.16759412,9.755175,-0.0010652645,0.0,-0.0010652645,120.0,0.93010324,-0.16954105,9.760971,-0.01072979,0.021100536,-0.038118362,0.04468,-0.01824,0.977453,2017-05-19 13:40:03,57.13442905642957
0.91458505,-0.15682021,9.740809,0.002130529,-0.002130529,0.0010652645,120.0,0.9280654,-0.16644345,9.761218,-0.011086166,0.013214543,-0.0012550354,0.044612,-0.01806,0.977476,2017-05-19 13:40:04,56.94470294451978
0.91697925,-0.19153613,9.730036,0.0,-0.0010652645,0.0,120.0,0.92907995,-0.16201581,9.761196,-0.0013267994,0.0016043037,0.004752159,0.044709,-0.01785,0.977473,2017-05-19 13:40:05,55.729016911468094
0.92416185,-0.15442601,9.721656,0.0010652645,0.0010652645,0.0,120.0,0.9296167,-0.16067573,9.761167,0.008910358,0.005052626,0.03470993,0.044749,-0.017791,0.977462,2017-05-19 13:40:06,55.68167929212774
0.92655605,-0.16639702,9.7479925,0.0,-0.0010652645,0.0,120.0,0.93278575,-0.15782829,9.760911,0.010529697,-0.016948432,0.036162376,0.044936,-0.017686,0.977438,2017-05-19 13:40:07,57.16969147044658
0.94211835,-0.1604115,9.744401,0.0010652645,-0.0010652645,-0.0010652645,120.0,0.931402,-0.15807098,9.76104,0.003533721,0.008433372,-0.0154418945,0.044864,-0.017684,0.977439,2017-05-19 13:40:08,53.68967020888161
0.92655605,-0.1436521,9.751583,0.0010652645,-0.002130529,-0.0010652645,121.0,0.9282799,-0.16631915,9.7612,0.006655872,0.017878637,-4.005432E-5,0.04462,-0.018066,0.97743,2017-05-19 13:40:09,53.35330041446754
0.92895025,-0.18195933,9.7240505,0.0010652645,0.0,0.0010652645,118.0,0.9311673,-0.16849674,9.760887,0.0025713444,-0.0038857758,0.017032623,0.044741,-0.018207,0.977414,2017-05-19 13:40:10,57.12357729048291
0.92416185,-0.16639702,9.750386,-0.0010652645,0.002130529,0.0,120.0,0.9262209,-0.16271095,9.7614565,0.017094553,0.0034965426,-0.0026903152,0.044554,-0.017866,0.977427,2017-05-19 13:40:11,54.04824761341195
0.9528923,-0.15562311,9.7324295,-0.0010652645,-0.0010652645,0.0,120.0,0.92826307,-0.15939178,9.761317,-0.017269313,-0.004611045,0.00223732,0.044689,-0.017727,0.977399,2017-05-19 13:40:12,52.67593581394134
0.93493575,-0.17477672,9.751583,0.0010652645,0.0010652645,-0.0010652645,120.0,0.92882735,-0.16340104,9.761197,0.025262058,-0.006587282,0.0011606216,0.044674,-0.017936,0.977384,2017-05-19 13:40:13,53.231469276970806
0.92057055,-0.18195933,9.7324295,0.0010652645,0.0,0.0,118.0,0.92723453,-0.16380842,9.761341,-0.0054668784,-0.008574098,-0.0025749207,0.044589,-0.017942,0.977376,2017-05-19 13:40:14,52.24295946292003
0.91817635,-0.18435353,9.750386,0.0010652645,0.0,0.0,120.0,0.9266509,-0.16829556,9.76132,0.0022993684,-0.012466669,0.00941658,0.044511,-0.018164,0.977357,2017-05-19 13:40:15,51.69985544327634
0.93014735,-0.15801731,9.7563715,0.0010652645,-0.002130529,-0.0010652645,120.0,0.9296817,-0.16876628,9.761024,0.022013485,-0.010798857,-0.017820358,0.044658,-0.018219,0.977352,2017-05-19 13:40:16,56.41036752944137
0.93134445,-0.16879122,9.762358,0.0010652645,0.002130529,-0.0010652645,118.0,0.9289391,-0.1686943,9.761096,0.007193744,0.015465394,0.034780502,0.044621,-0.018209,0.977347,2017-05-19 13:40:17,56.95010930748986
0.92176765,-0.16998832,9.750386,-0.0010652645,0.0,-0.0010652645,118.0,0.92511714,-0.16965227,9.761442,0.003833115,-0.007518664,0.03563118,0.044419,-0.018218,0.977348,2017-05-19 13:40:18,53.922280726475734
0.91937345,-0.1604115,9.744401,-0.0010652645,0.0010652645,-0.0010652645,120.0,0.92437524,-0.16554472,9.761583,-0.009790182,-0.016414613,0.0055627823,0.044425,-0.018005,0.977352,2017-05-19 13:40:19,53.217030759408715
0.93852705,-0.16639702,9.752781,0.002130529,0.002130529,-0.0010652645,120.0,0.92681575,-0.16682832,9.76133,0.005725801,0.007613912,-0.018125534,0.044532,-0.018099,0.977327,2017-05-19 13:40:20,52.59840298105884
0.93254155,-0.16280572,9.739613,0.0010652645,0.002130529,0.0,118.0,0.9253632,-0.16494788,9.7615,0.011966765,0.006930575,-0.01590252,0.044479,-0.01799,0.977329,2017-05-19 13:40:21,54.017112216179235
0.91458505,-0.15083471,9.7479925,0.0010652645,0.0,0.0,120.0,0.92928404,-0.16568257,9.761115,0.0128343105,-0.00550285,-0.011925697,0.044668,-0.018067,0.977325,2017-05-19 13:40:22,52.59441338412945
0.93732995,-0.17717093,9.7719345,-0.002130529,0.0,-0.0010652645,120.0,0.9301596,-0.1667097,9.761014,0.025126874,0.0015097857,-0.020204544,0.0447,-0.01813,0.977312,2017-05-19 13:40:23,53.97876233273627
0.91458505,-0.16759412,9.765948,0.0,0.0010652645,-0.0010652645,120.0,0.92879784,-0.16657628,9.761147,-0.009424388,-0.01538305,-0.01315403,0.044632,-0.018112,0.977301,2017-05-19 13:40:24,52.70087868704968
0.93014735,-0.17238252,9.759963,0.0,0.0,-0.0010652645,118.0,0.92981386,-0.16751096,9.761033,0.003924787,0.016676247,0.036040306,0.044672,-0.018172,0.977286,2017-05-19 13:40:25,51.9003803860554
0.92296475,-0.17717093,9.7563715,0.0010652645,0.0,0.0,120.0,0.9306814,-0.1669322,9.760961,-0.023278952,5.351752E-4,0.0037908554,0.04472,-0.018156,0.977267,2017-05-19 13:40:26,48.43493619139862
0.92775315,-0.16639702,9.753978,0.0,-0.002130529,0.0,120.0,0.92878264,-0.1680664,9.761123,-0.002226591,0.01004909,-0.016721725,0.044612,-0.018195,0.97726,2017-05-19 13:40:27,49.77461292221035
0.90500826,-0.16879122,9.739613,0.0,0.0,0.0,118.0,0.92818385,-0.16608787,9.761213,0.019919991,-0.0015062541,-0.045542717,0.044602,-0.018092,0.977252,2017-05-19 13:40:28,49.66439745752144
0.92775315,-0.1592144,9.758766,0.0,0.0010652645,0.0,120.0,0.92489153,-0.16614832,9.761524,0.03159207,9.483993E-4,-0.007546425,0.044435,-0.018064,0.977242,2017-05-19 13:40:29,50.203460530655946
0.92655605,-0.18555063,9.751583,0.0,0.002130529,-0.0010652645,120.0,0.93170667,-0.16142365,9.760956,-0.037472308,-0.0061704665,0.020555496,0.044826,-0.0179,0.977229,2017-05-19 13:40:30,51.55200242267252
0.91817635,-0.16160862,9.742006,0.0031957934,-0.0010652645,-0.002130529,119.0,0.9288528,-0.1633659,9.761195,0.0012945533,-0.016199231,-0.028765678,0.044661,-0.017971,0.977215,2017-05-19 13:40:31,53.39773353317519
0.93254155,-0.16639702,9.773131,-0.0010652645,0.002130529,0.0010652645,120.0,0.9302116,-0.16597864,9.761022,-0.010838151,0.004370019,0.0013360977,0.044701,-0.018117,0.977206,2017-05-19 13:40:32,52.036134926097645
0.92895025,-0.1592144,9.76116,-0.0010652645,0.0010652645,0.0,120.0,0.9269825,-0.16706982,9.76131,-4.2647123E-4,0.001869902,-0.019303322,0.044528,-0.018137,0.977214,2017-05-19 13:40:33,64.80567602956617
0.93134445,-0.17597382,9.759963,-0.0010652645,0.002130529,-0.0010652645,119.0,0.92729574,-0.16880947,9.7612505,-0.003133893,0.021566063,-0.0012874603,0.044525,-0.018228,0.977209,2017-05-19 13:40:34,52.90932161275512
0.90620536,-0.14844051,9.765948,0.0010652645,0.0010652645,0.0,119.0,0.9285649,-0.17001024,9.761109,-0.015176952,0.023963928,5.054474E-5,0.044574,-0.018306,0.977184,2017-05-19 13:40:35,52.39885357847147
0.93254155,-0.17238252,9.746795,0.0010652645,0.0010652645,-0.0010652645,120.0,0.93570787,-0.16436797,9.760523,0.0016220808,0.0027593523,0.013805389,0.044991,-0.0181,0.97717,2017-05-19 13:40:36,53.763287948752485
0.93972415,-0.1592144,9.76116,0.0,0.0010652645,-0.0010652645,119.0,0.9307878,-0.1656351,9.760973,0.0053450465,0.008814886,0.02652359,0.044731,-0.018112,0.977177,2017-05-19 13:40:37,55.578617503943015
0.91937345,-0.1604115,9.775525,0.0,0.002130529,0.0,120.0,0.9304213,-0.16774729,9.760971,0.02247101,-0.008226529,-0.050088882,0.044689,-0.018217,0.977161,2017-05-19 13:40:38,56.10787091517895
0.94451255,-0.14844051,9.770737,0.0010652645,0.0010652645,0.0010652645,120.0,0.9287596,-0.16673172,9.761147,0.0073732734,-0.014030516,-0.026322365,0.044616,-0.01815,0.977159,2017-05-19 13:40:39,55.35817506073775
0.93493575,-0.1436521,9.751583,0.0010652645,-0.0010652645,-0.0010652645,120.0,0.9355369,-0.16726437,9.76049,0.016158283,0.006852865,0.042568207,0.044949,-0.01825,0.977136,2017-05-19 13:40:40,57.45447770204338
0.93254155,-0.1340753,9.76116,-0.0010652645,0.0,0.0,120.0,0.9322539,-0.16104826,9.76091,-0.024851441,0.009016454,0.0038414001,0.044849,-0.017908,0.977131,2017-05-19 13:40:41,56.63445061712041
0.93134445,-0.17477672,9.730036,0.0010652645,0.0,0.0010652645,121.0,0.93113756,-0.16358006,9.760974,-0.020143807,-0.0064082593,-0.017769814,0.044765,-0.018026,0.977117,2017-05-19 13:40:42,53.881562262296406
0.93014735,-0.14844051,9.740809,0.0,0.0,0.0010652645,120.0,0.93197995,-0.16269296,9.760908,-0.010212302,-0.0013098568,-0.0081272125,0.044816,-0.017992,0.977109,2017-05-19 13:40:43,49.111887642549306
0.93134445,-0.17238252,9.757569,0.0,0.0010652645,-0.0010652645,119.0,0.9301178,-0.16600071,9.76103,-0.011941433,0.001997888,0.014494896,0.044688,-0.018137,0.977114,2017-05-19 13:40:44,51.17117949787748
0.91099375,-0.18195933,9.701305,0.0,0.0,-0.0010652645,120.0,0.9312177,-0.17060234,9.760846,0.018083274,-0.029313505,0.019467354,0.044693,-0.018382,0.977093,2017-05-19 13:40:45,53.46406998081999
0.92057055,-0.15801731,9.753978,0.0,-0.0010652645,-0.0010652645,121.0,0.93109715,-0.16372864,9.760975,0.014612496,0.002120018,-0.009391785,0.044759,-0.018039,0.977089,2017-05-19 13:40:46,55.248441162178366
0.91219085,-0.15203181,9.763555,0.0,-0.002130529,-0.0010652645,120.0,0.9315802,-0.16361846,9.760931,0.01293236,-0.00277856,0.0122003555,0.044783,-0.018042,0.977072,2017-05-19 13:40:47,59.72695560991234
0.91937345,-0.16998832,9.773131,0.0,0.0010652645,0.0,120.0,0.92994016,-0.16243176,9.761107,0.012178183,-0.002768159,0.026389122,0.044712,-0.017969,0.977059,2017-05-19 13:40:48,56.60471496252512
0.90979666,-0.16160862,9.803059,0.0,0.0,0.0,120.0,0.9343067,-0.16493724,9.760649,-0.001765132,-0.0050510764,-0.0042772293,0.044903,-0.018143,0.977037,2017-05-19 13:40:49,50.3003784685351
0.92895025,-0.15682021,9.782708,0.0,0.0,0.0010652645,120.0,0.93358016,-0.16236623,9.76076,-0.016600907,-0.004030794,-0.04389286,0.044893,-0.018009,0.97703,2017-05-19 13:40:50,51.16058895097961
0.93972415,-0.16879122,9.751583,-0.002130529,-0.0010652645,-0.0010652645,118.0,0.93366224,-0.16417079,9.760722,0.0012735128,0.01932159,0.016000748,0.044878,-0.0181,0.977029,2017-05-19 13:40:52,55.425117101306384
0.94930094,-0.17956513,9.765948,-0.0010652645,0.0010652645,0.0010652645,120.0,0.9321612,-0.16309619,9.760884,0.012351334,0.01106438,-0.014089584,0.044814,-0.018031,0.97703,2017-05-19 13:40:53,52.54638760901696
0.93134445,-0.17238252,9.783905,0.0,-0.0010652645,-0.0010652645,118.0,0.9304839,-0.16299924,9.761045,-3.3652782E-4,0.0025877357,-0.019039154,0.044732,-0.018006,0.977045,2017-05-19 13:40:54,54.66970398784532
0.90740246,-0.15322891,9.768343,0.002130529,-0.002130529,0.0010652645,120.0,0.92847484,-0.16451679,9.761211,0.0124464035,-0.0054715276,-0.0060367584,0.044616,-0.018059,0.977055,2017-05-19 13:40:55,54.31611859403131
0.93254155,-0.17836803,9.770737,0.0,0.002130529,0.0,120.0,0.92582387,-0.16874626,9.761392,7.3218346E-4,0.0011521429,0.0033597946,0.044439,-0.018241,0.977064,2017-05-19 13:40:56,51.45556198602019
0.93254155,-0.18195933,9.739613,0.0,0.0,0.0010652645,118.0,0.9260244,-0.16846046,9.761377,0.011305571,0.010443151,-0.020567894,0.044452,-0.018229,0.977063,2017-05-19 13:40:57,54.88762568449194
0.93014735,-0.1604115,9.733627,0.0,-0.0010652645,-0.002130529,120.0,0.926632,-0.16469288,9.761384,0.005909562,-0.014872253,0.01174736,0.044522,-0.018048,0.97706,2017-05-19 13:40:58,52.93397124916753
0.92775315,-0.17597382,9.767146,0.002130529,0.0,0.0,118.0,0.93108094,-0.16610764,9.760937,-0.0045248866,0.0021048188,-0.0129442215,0.044728,-0.01817,0.977031,2017-05-19 13:40:59,52.54613815967902
0.92895025,-0.14724341,9.7803135,0.002130529,-0.0010652645,0.0,120.0,0.9275864,-0.16640396,9.761264,0.010940671,-0.0131611675,0.011867523,0.044549,-0.01815,0.977028,2017-05-19 13:41:00,52.995310400189226
0.94690675,-0.16160862,9.751583,0.0,-0.0010652645,0.0,120.0,0.9258754,-0.16554084,9.761441,0.009060323,-0.0032503754,0.0057048798,0.044472,-0.01809,0.977026,2017-05-19 13:41:01,56.9214316864838
0.92775315,-0.17357962,9.745598,0.0010652645,-0.002130529,0.0,118.0,0.92851627,-0.16661152,9.761172,-0.0031573176,0.009791315,0.0095644,0.044591,-0.018176,0.976999,2017-05-19 13:41:02,53.89021070057425
0.93134445,-0.20231004,9.753978,-0.0031957934,0.0,0.0,118.0,0.92679447,-0.16035175,9.761441,0.0021557808,-0.0036510676,0.09309292,0.04457,-0.017848,0.976992,2017-05-19 13:41:03,51.86067490371437
0.92176765,-0.15682021,9.758766,-0.0010652645,0.0010652645,-0.002130529,120.0,0.93184245,-0.16671555,9.760854,-0.007680595,0.012289539,-8.907318E-4,0.044755,-0.01822,0.976975,2017-05-19 13:41:04,64.45424126608944
0.92416185,-0.15442601,9.818622,0.002130529,-0.0010652645,0.0010652645,120.0,0.9328314,-0.16463706,9.760795,0.018863797,-0.014928073,-0.051109314,0.044826,-0.018128,0.976968,2017-05-19 13:41:05,52.41025225419741
0.93254155,-0.17717093,9.776723,0.0010652645,-0.0010652645,0.0,118.0,0.93019044,-0.16269636,9.761079,0.014322102,-0.0013064593,-0.0047073364,0.044714,-0.018004,0.97697,2017-05-19 13:41:06,60.27512144688742
0.94810385,-0.15322891,9.752781,-0.0010652645,0.0,-0.0010652645,120.0,0.92334837,-0.16128092,9.761752,-0.0051720142,-0.0111016035,0.0221529,0.044386,-0.017862,0.976979,2017-05-19 13:41:07,56.07541132994448
0.91458505,-0.1592144,9.758766,0.002130529,-0.002130529,-0.0010652645,118.0,0.9277409,-0.1615891,9.761331,0.005997777,0.01554279,-0.0037612915,0.044601,-0.017928,0.976951,2017-05-19 13:41:08,54.03067746576559
0.92655605,-0.15442601,9.785102,0.0,-0.0010652645,0.0010652645,120.0,0.9290668,-0.163235,9.761177,0.025022626,-0.016330138,-0.00360775,0.04465,-0.018024,0.976949,2017-05-19 13:41:09,56.07527188516877
0.94810385,-0.15322891,9.7563715,0.0010652645,0.0,0.0,120.0,0.92917305,-0.16609636,9.761118,-0.0097996,-3.0066073E-4,-0.0059432983,0.044625,-0.018168,0.976947,2017-05-19 13:41:10,60.29963933538818
0.91219085,-0.16759412,9.76954,-0.002130529,-0.0031957934,0.0,120.0,0.9285834,-0.16212653,9.761242,0.047053814,-0.025818303,-0.0096588135,0.044637,-0.017965,0.976943,2017-05-19 13:41:11,51.61589155309139
0.94211835,-0.1604115,9.733627,0.002130529,-0.0010652645,0.0010652645,120.0,0.93930936,-0.15863703,9.760272,-0.009162009,0.022167534,-0.03382778,0.04521,-0.017907,0.976911,2017-05-19 13:41:12,54.942205139954865
0.92535895,-0.14724341,9.753978,0.0010652645,-0.002130529,0.0,119.0,0.9391077,-0.15668325,9.760324,0.013784587,0.009439841,-0.019514084,0.04522,-0.017809,0.976904,2017-05-19 13:41:13,57.8452118030469
0.92416185,-0.16519992,9.752781,0.002130529,0.0,0.0010652645,119.0,0.93350446,-0.16242573,9.760767,-0.008145511,-0.018336505,0.0063791275,0.044879,-0.018035,0.97692,2017-05-19 13:41:14,50.50272196566414
0.92895025,-0.17597382,9.739613,-0.0010652645,0.0031957934,-0.0010652645,121.0,0.93075097,-0.15912862,9.761085,-0.0065891147,0.013082311,0.019228935,0.044775,-0.017844,0.976914,2017-05-19 13:41:15,53.48134541302778
0.93134445,-0.16998832,9.764751,-0.0010652645,0.0,0.0010652645,120.0,0.92872256,-0.15931153,9.761274,0.009804487,-0.019056499,-0.031238556,0.044671,-0.017833,0.976911,2017-05-19 13:41:16,52.33420118255667
0.94331545,-0.1592144,9.77792,0.0,0.0,-0.0010652645,121.0,0.92633647,-0.16268949,9.761446,0.009796381,-1.1622906E-4,0.009290695,0.044515,-0.017978,0.976907,2017-05-19 13:41:17,52.1786481298835
0.9600749,-0.14604631,9.755175,0.002130529,-0.0010652645,0.0,121.0,0.9246755,-0.16264486,9.761604,0.007866025,0.009415954,0.013920784,0.044432,-0.017959,0.976906,2017-05-19 13:41:18,52.26448516082286
0.94451255,-0.17118542,9.752781,0.0010652645,0.002130529,-0.0010652645,119.0,0.93150485,-0.16319518,9.760945,-0.0025545955,-0.01038444,0.015777588,0.044768,-0.018059,0.976892,2017-05-19 13:41:19,52.81886466023519
0.94211835,-0.14844051,9.77792,-0.0010652645,0.002130529,-0.0010652645,119.0,0.926762,-0.15722477,9.761495,0.008173764,0.002798766,-0.001531601,0.044593,-0.017713,0.976893,2017-05-19 13:41:20,55.048167924812475
0.91817635,-0.16639702,9.733627,0.0,0.0010652645,0.0010652645,121.0,0.9337159,-0.15785676,9.760821,0.017979324,0.020190164,0.011113167,0.044933,-0.017822,0.976861,2017-05-19 13:41:21,55.969918012157336
0.92895025,-0.16519992,9.7719345,-0.002130529,0.0,-0.0010652645,119.0,0.92891747,-0.1620523,9.76121,0.01080668,0.0052320957,0.009526253,0.044648,-0.017981,0.976867,2017-05-19 13:41:22,54.22411965913113
0.90979666,-0.16519992,9.739613,-0.0010652645,0.0,-0.0010652645,120.0,0.9311704,-0.15878333,9.76105,-0.004614353,-0.0040223897,-0.016649246,0.044795,-0.017843,0.976858,2017-05-19 13:41:23,54.7134938696486
0.91697925,-0.14844051,9.799467,0.0,0.0010652645,0.0,121.0,0.9292857,-0.16098331,9.761193,0.014029741,5.7180226E-4,-0.032354355,0.044676,-0.017936,0.976846,2017-05-19 13:41:24,52.94333203106315
0.92296475,-0.15322891,9.759963,0.0010652645,-0.002130529,0.0010652645,121.0,0.9315135,-0.1601305,9.760996,0.017787457,-0.018237531,-0.016594887,0.044795,-0.017921,0.976824,2017-05-19 13:41:25,51.32424425358208
0.94331545,-0.1592144,9.740809,-0.0010652645,0.0,-0.0010652645,120.0,0.9332677,-0.16335732,9.760775,-0.0031203628,-0.0042368025,-0.025950432,0.044848,-0.018102,0.976813,2017-05-19 13:41:26,53.1599905816541
0.92535895,-0.14724341,9.746795,0.0010652645,0.0,0.0,120.0,0.93265176,-0.16449955,9.760814,-0.007292807,-0.010277167,-0.0068359375,0.044804,-0.018155,0.976802,2017-05-19 13:41:27,55.365149202016035
0.93613285,-0.15801731,9.746795,0.002130529,-0.0010652645,0.0010652645,121.0,0.93039066,-0.1661115,9.761003,-0.005031705,0.008094192,-0.03216362,0.044673,-0.018213,0.976799,2017-05-19 13:41:28,48.89266143189875
0.9528923,-0.15801731,9.744401,0.0,0.0,0.0010652645,120.0,0.92862374,-0.16623415,9.7611685,-0.010447383,0.0034284294,-0.015570641,0.044583,-0.018201,0.976799,2017-05-19 13:41:29,49.202279560801934
0.91817635,-0.15083471,9.783905,0.0010652645,0.0,0.0010652645,120.0,0.93614155,-0.16242875,9.760514,-0.0036000013,8.201301E-4,-0.0029449463,0.044999,-0.018093,0.976776,2017-05-19 13:41:30,52.72820524522683
0.90261406,-0.17118542,9.762358,0.0031957934,-0.0010652645,-0.0010652645,120.0,0.92966306,-0.16157636,9.7611475,0.007666886,0.01553005,0.01078701,0.044684,-0.017981,0.976792,2017-05-19 13:41:31,55.74577360803385
0.93732995,-0.16879122,9.763555,0.0010652645,0.0010652645,0.0010652645,120.0,0.9323012,-0.16073275,9.76091,-0.01412487,-0.0044671744,-0.03326893,0.044825,-0.017967,0.976787,2017-05-19 13:41:32,50.04757981660751
0.91937345,-0.1592144,9.759963,-0.0010652645,0.0010652645,0.0010652645,120.0,0.92700934,-0.16457193,9.761351,-0.010030091,-0.0078105927,0.022554398,0.044519,-0.018103,0.976793,2017-05-19 13:41:33,57.3679098443774
0.94690675,-0.17836803,9.797073,0.0,0.002130529,0.0010652645,120.0,0.9323334,-0.16324796,9.760865,0.016967535,0.002836451,-0.009282112,0.044799,-0.018095,0.976776,2017-05-19 13:41:34,58.74039619014978
0.91937345,-0.15562311,9.7719345,0.0,-0.0010652645,-0.0010652645,120.0,0.9323632,-0.16099055,9.7609005,-0.021369457,-0.005406469,-0.012907982,0.044824,-0.017984,0.97677,2017-05-19 13:41:35,51.79249118433341
0.94451255,-0.17357962,9.692925,0.002130529,-0.0010652645,0.0,120.0,0.9328044,-0.16340113,9.760818,-0.012233853,0.03411424,-0.052330017,0.04482,-0.01811,0.976764,2017-05-19 13:41:36,53.3443781039107
0.92535895,-0.15562311,9.779117,0.0010652645,0.0,0.0,118.0,0.9313598,-0.16123924,9.760991,0.00716722,-0.0027635843,0.030097008,0.044771,-0.017986,0.976771,2017-05-19 13:41:37,54.82720649579769
0.93732995,-0.17118542,9.757569,0.0,0.002130529,0.0,120.0,0.9303155,-0.16097389,9.761095,0.030956507,-0.0054231286,0.0060510635,0.044721,-0.017963,0.976767,2017-05-19 13:41:38,56.94086488636498
0.93014735,-0.15801731,9.763555,0.0,0.0,0.0010652645,120.0,0.92062014,-0.16487817,9.7619505,0.016709805,0.010452166,0.0039978027,0.044194,-0.018055,0.976784,2017-05-19 13:41:39,61.74527377887416
0.92296475,-0.15562311,9.788693,0.0,-0.0010652645,0.0,118.0,0.9235899,-0.16446064,9.761676,0.02331686,-0.016301587,-0.031640053,0.044347,-0.018066,0.976777,2017-05-19 13:41:40,63.09009197845178
0.91937345,-0.15682021,9.764751,-0.002130529,0.0010652645,0.0010652645,121.0,0.9285174,-0.16896562,9.761131,0.0052212477,-0.0022197962,0.007211685,0.044545,-0.018345,0.976757,2017-05-19 13:41:41,56.749720013715496
0.8714894,-0.1388637,9.794679,0.0010652645,-0.0031957934,0.0,120.0,0.9326214,-0.16695863,9.760776,0.005905628,0.014926821,-0.018769264,0.044772,-0.018288,0.976752,2017-05-19 13:41:42,54.77421225966829
0.93254155,-0.16400282,9.758766,-0.0010652645,0.002130529,0.0010652645,120.0,0.9347027,-0.16287433,9.760645,-0.01892054,6.8604946E-5,-0.011455536,0.044919,-0.018108,0.976741,2017-05-19 13:41:43,51.46866749795315
0.93373865,-0.14604631,9.749189,-0.0010652645,0.002130529,-0.002130529,120.0,0.9311094,-0.16403285,9.760968,0.022979975,0.010803938,-0.01058197,0.044727,-0.018127,0.976751,2017-05-19 13:41:44,52.050462214396205
0.94211835,-0.1592144,9.750386,0.0010652645,0.0010652645,-0.0010652645,120.0,0.9300031,-0.15948695,9.761149,-0.017812252,0.005060941,-0.0023832321,0.044719,-0.017891,0.976742,2017-05-19 13:41:45,50.70744411917994
0.92535895,-0.1436521,9.719262,-0.002130529,-0.002130529,0.0010652645,121.0,0.92997885,-0.1566662,9.761198,0.0061540008,-0.009730816,-0.0036287308,0.044747,-0.017752,0.976734,2017-05-19 13:41:46,53.72782511925102
0.90979666,-0.14963761,9.775525,0.0,0.002130529,0.0010652645,119.0,0.9273858,-0.15909913,9.761405,0.01353544,0.009461522,0.002149582,0.044592,-0.017844,0.976747,2017-05-19 13:41:47,54.47584220815172
0.94451255,-0.17357962,9.715671,-0.002130529,0.0,0.0,120.0,0.92946434,-0.15764822,9.761231,-0.007696688,-0.0027632862,-0.008450508,0.044711,-0.017795,0.976737,2017-05-19 13:41:48,51.705464031526716
0.93134445,-0.16998832,9.755175,0.0063915867,-0.0031957934,0.0,120.0,0.9292342,-0.15729576,9.761258,-0.006269455,-0.0031157434,0.005887985,0.044704,-0.017773,0.976747,2017-05-19 13:41:50,55.142316265568915
0.9540894,-0.16160862,9.752781,0.0010652645,0.0,0.0,118.0,0.9343057,-0.15949763,9.760738,-0.011340976,-0.009293586,0.0040130615,0.044934,-0.017938,0.97673,2017-05-19 13:41:51,52.33753956161664
0.91458505,-0.16639702,9.750386,0.0010652645,-0.0031957934,0.0,120.0,0.9328165,-0.15892959,9.76089,0.005710542,0.0033064783,0.002664566,0.044865,-0.017895,0.976728,2017-05-19 13:41:52,61.056677752668435
0.92057055,-0.17357962,9.755175,0.0010652645,0.0010652645,0.0,120.0,0.93189365,-0.16624673,9.760857,-5.491972E-4,0.017806217,-0.045186043,0.044741,-0.01825,0.976729,2017-05-19 13:41:53,54.68574793042195
0.91458505,-0.17118542,9.738416,0.0,0.0010652645,-0.0010652645,120.0,0.9329517,-0.1666985,9.760748,-0.024352133,0.0038927794,-7.8487396E-4,0.044787,-0.018289,0.976703,2017-05-19 13:41:54,55.666446423535696
0.91937345,-0.17118542,9.751583,0.002130529,0.0010652645,0.0,120.0,0.93406284,-0.16233571,9.760715,-0.0015212893,0.0079097,-0.028285027,0.044888,-0.018086,0.976688,2017-05-19 13:41:55,52.468088918292636
0.94092125,-0.15562311,9.755175,0.0010652645,0.0010652645,-0.002130529,118.0,0.9260909,-0.16666993,9.761402,-0.01749134,0.007455528,-0.061293602,0.04444,-0.018224,0.976672,2017-05-19 13:41:56,51.66419201761295
0.92895025,-0.17238252,9.698911,0.0010652645,0.0,0.0,120.0,0.93116665,-0.16347314,9.760973,-0.009398997,0.004258737,-0.012980461,0.044726,-0.018124,0.976637,2017-05-19 13:41:57,53.05348789471741
0.92416185,-0.15562311,9.76116,0.0,0.0031957934,0.0,118.0,0.92731434,-0.16247153,9.761356,-0.019911885,-0.023079097,-0.007378578,0.044543,-0.018035,0.976636,2017-05-19 13:41:58,53.484862021639884
0.93732995,-0.16400282,9.730036,0.0,0.0,-0.0010652645,119.0,0.93126833,-0.16559349,9.760927,-0.013091981,0.0075761825,-0.010540962,0.044708,-0.018232,0.976631,2017-05-19 13:41:59,55.375308289076074
0.92655605,-0.1604115,9.7479925,0.0010652645,-0.0031957934,0.0,120.0,0.93107265,-0.16659361,9.760929,0.014636993,-0.01297152,-0.0045576096,0.044685,-0.018286,0.976602,2017-05-19 13:42:00,59.54934995296004
0.9528923,-0.16879122,9.758766,0.0010652645,0.0,-0.0010652645,120.0,0.92884785,-0.1672543,9.76113,0.0012995005,0.0020543784,2.9563904E-5,0.044565,-0.018299,0.976589,2017-05-19 13:42:01,58.92877275692554
0.93254155,-0.18555063,9.779117,-0.002130529,0.0010652645,-0.0031957934,118.0,0.93554413,-0.16513021,9.760527,-0.003002584,0.020281017,0.009013176,0.044919,-0.018274,0.976532,2017-05-19 13:42:02,56.00504446605829
0.92535895,-0.15322891,9.712079,0.0,0.0,0.0,120.0,0.93225884,-0.16360827,9.760866,-0.02126509,0.017561957,-9.031296E-4,0.044768,-0.01817,0.976506,2017-05-19 13:42:03,57.55028779281705
0.90979666,-0.15083471,9.745598,0.0010652645,-0.0031957934,-0.0010652645,120.0,0.933023,-0.16746072,9.760728,0.01029247,0.014231816,-0.007946968,0.044766,-0.018368,0.976514,2017-05-19 13:42:04,62.74527409703673
0.90979666,-0.14963761,9.7479925,0.002130529,0.002130529,0.0,121.0,0.9297545,-0.16905293,9.761012,0.01595515,-0.0188919,0.0073308945,0.044586,-0.018411,0.976527,2017-05-19 13:42:05,50.09565981069399
0.92416185,-0.16998832,9.7563715,0.0010652645,-0.0010652645,0.0,120.0,0.9296662,-0.17582552,9.760901,-0.013884068,0.005837202,2.5844574E-4,0.044507,-0.018753,0.976501,2017-05-19 13:42:06,50.270045328364105
0.93254155,-0.16160862,9.757569,0.0,-0.0010652645,0.002130529,121.0,0.9303868,-0.16731533,9.7609825,-0.012210429,-2.7878582E-4,-0.04172039,0.044635,-0.018334,0.976513,2017-05-19 13:42:07,52.2890722898342
0.92296475,-0.1364695,9.762358,0.0,0.0010652645,0.0,120.0,0.9235275,-0.1641756,9.761686,6.3437223E-4,-0.015389532,-0.0136938095,0.044327,-0.0181,0.976546,2017-05-19 13:42:08,56.10354599172975
0.92655605,-0.15562311,9.736021,0.0010652645,0.0010652645,-0.0010652645,118.0,0.9234154,-0.16613619,9.761664,-0.00284487,-0.027794152,6.933212E-4,0.044299,-0.0182,0.97653,2017-05-19 13:42:09,49.38309977658071
0.92176765,-0.16639702,9.743204,-0.002130529,0.002130529,0.0010652645,118.0,0.921369,-0.16410103,9.761892,0.013566732,0.013266325,-0.019886017,0.044217,-0.01808,0.976518,2017-05-19 13:42:10,54.54160423825425
0.92416185,-0.18794483,9.726444,0.0010652645,0.0010652645,0.0,120.0,0.92645204,-0.16394094,9.761414,-0.021443784,0.011909127,0.020097733,0.044472,-0.018129,0.976496,2017-05-19 13:42:11,55.93112808031097
0.91937345,-0.17597382,9.764751,-0.0010652645,0.0031957934,-0.0010652645,118.0,0.9271837,-0.16323477,9.761356,-0.007810235,0.011202961,-0.0037870407,0.044514,-0.018107,0.976469,2017-05-19 13:42:12,57.382547938190214
0.90620536,-0.19033903,9.745598,0.002130529,0.0,-0.002130529,120.0,0.92752004,-0.16182292,9.761348,0.0026273131,0.020565018,0.00579834,0.044544,-0.018045,0.976446,2017-05-19 13:42:13,53.52386012791912
0.92535895,-0.17118542,9.793482,0.0,-0.002130529,-0.0010652645,120.0,0.92946464,-0.16552207,9.761101,-0.087902725,0.02905257,-0.00951767,0.044601,-0.018252,0.976433,2017-05-19 13:42:14,57.28778945245888
0.90859956,-0.19871874,9.759963,-0.0010652645,-0.0031957934,-0.0010652645,121.0,0.9341938,-0.173685,9.760508,-0.014820337,0.010879278,0.03536892,0.044748,-0.018715,0.976397,2017-05-19 13:42:15,58.55612248137159
0.91937345,-0.16759412,9.757569,0.0,-0.0010652645,0.0,120.0,0.930817,-0.17218587,9.760857,-0.010246456,0.01656276,-0.052369118,0.044593,-0.018609,0.976381,2017-05-19 13:42:16,57.56330076206563
0.93493575,-0.16879122,9.782708,-0.0010652645,-0.0010652645,-0.0010652645,120.0,0.927676,-0.1702396,9.761189,-0.0035141706,0.005039677,-0.022773743,0.044456,-0.01848,0.976379,2017-05-19 13:42:17,57.77757583121022
0.92655605,-0.15322891,9.744401,0.0,0.0010652645,0.0010652645,120.0,0.9292376,-0.17074205,9.761032,-0.0014844537,-0.012414381,0.019281387,0.044527,-0.018526,0.976356,2017-05-19 13:42:18,55.16307086206911
0.90979666,-0.17717093,9.785102,-0.0010652645,0.0010652645,-0.0010652645,120.0,0.9242767,-0.17230508,9.761476,0.015447438,0.019076169,0.00806427,0.044261,-0.018553,0.976355,2017-05-19 13:42:19,58.87267085713972
0.93493575,-0.16998832,9.742006,-0.0010652645,0.0010652645,0.0,120.0,0.9258665,-0.17052889,9.761356,0.010266364,0.008920267,0.017760277,0.044359,-0.018483,0.976345,2017-05-19 13:42:20,58.99131930502122
0.9588778,-0.19273324,9.846154,0.0010652645,0.0,-0.0010652645,120.0,0.9289706,-0.17169319,9.761041,-0.02156812,-0.02582845,-0.057341576,0.044502,-0.018574,0.97634,2017-05-19 13:42:21,63.95932163190179
0.92895025,-0.16400282,9.7324295,0.0010652645,-0.0010652645,0.0,120.0,0.9285223,-0.16847649,9.76114,-0.0043604374,0.0068678707,0.02276516,0.044514,-0.018409,0.976341,2017-05-19 13:42:22,56.608331847446124
0.93254155,-0.14604631,9.752781,0.0010652645,-0.0010652645,0.0,120.0,0.9288034,-0.16508089,9.761171,-0.01780963,-0.013287142,-0.055077553,0.044564,-0.018244,0.976335,2017-05-19 13:42:23,52.621742054993476
0.94810385,-0.14844051,9.742006,0.0010652645,0.0010652645,0.0,120.0,0.9269414,-0.16721512,9.761312,0.013979852,0.011592016,0.008228302,0.044446,-0.018335,0.976317,2017-05-19 13:42:24,55.909800175027925
0.93254155,-0.16519992,9.751583,-0.0010652645,0.0031957934,0.0,120.0,0.93138504,-0.16501683,9.760926,-0.008420289,0.0034082085,-9.6321106E-4,0.04469,-0.018278,0.976285,2017-05-19 13:42:25,55.802313729578344
0.93493575,-0.16639702,9.744401,0.0,0.0010652645,0.0,120.0,0.9250615,-0.16491206,9.761529,0.0062829256,-0.0050762594,-0.044661522,0.044373,-0.018209,0.976278,2017-05-19 13:42:26,55.29109259315331
0.94331545,-0.18555063,9.744401,0.0,0.002130529,-0.0010652645,120.0,0.92217016,-0.16437979,9.761812,0.024736583,-8.201301E-4,-6.5231323E-4,0.044233,-0.018154,0.976271,2017-05-19 13:42:27,51.704062666484916
0.93613285,-0.16639702,9.737218,-0.0010652645,0.0,-0.002130529,120.0,0.924968,-0.16332036,9.761565,0.0027851462,-0.001879558,-0.0387125,0.044382,-0.018137,0.976239,2017-05-19 13:42:28,56.05037351908338
0.91937345,-0.16519992,9.739613,-0.0010652645,0.0,-0.0010652645,120.0,0.9325499,-0.16049051,9.76089,0.005977154,-0.014286205,-0.0021238327,0.04479,-0.018082,0.976203,2017-05-19 13:42:29,57.44221036135842
0.92775315,-0.16998832,9.740809,0.0031957934,0.0,0.0,120.0,0.929267,-0.16639937,9.761105,0.0020774603,0.004790753,0.013223648,0.044561,-0.018344,0.976195,2017-05-19 13:42:30,58.34098153662411
0.92775315,-0.17717093,9.750386,0.0010652645,-0.0010652645,0.0,120.0,0.93219763,-0.16687778,9.760817,-0.018809676,-0.015081555,-0.010430336,0.044701,-0.018403,0.976172,2017-05-19 13:42:31,52.18420975799002
0.91817635,-0.1592144,9.740809,0.0010652645,0.0010652645,-0.0010652645,118.0,0.9343196,-0.16763356,9.760601,-0.006566465,0.0024336427,-0.0042295456,0.044798,-0.018466,0.976156,2017-05-19 13:42:32,56.632782070177505
0.9684546,-0.16519992,9.7863,0.0010652645,0.0,-0.0010652645,120.0,0.9301499,-0.1625491,9.761085,-2.5629997E-6,0.0033346862,0.004863739,0.044644,-0.018168,0.976164,2017-05-19 13:42:33,58.750270939291774
0.9672575,-0.15562311,9.742006,0.002130529,-0.002130529,0.0,120.0,0.92787206,-0.16364244,9.761284,0.005866587,0.030764237,0.0070590973,0.044517,-0.018201,0.976154,2017-05-19 13:42:34,55.79479382168567
0.92416185,-0.17238252,9.767146,0.002130529,0.0,0.0,120.0,0.9264347,-0.16186415,9.76145,0.02166915,0.013423637,0.011681557,0.044463,-0.0181,0.976142,2017-05-19 13:42:35,52.607446375225216
0.92535895,-0.16400282,9.722853,0.002130529,0.002130529,0.0,120.0,0.92994404,-0.16877809,9.761,0.0037946105,0.015549183,-0.071665764,0.044563,-0.018485,0.976121,2017-05-19 13:42:36,54.10518793444031
0.92416185,-0.17956513,9.755175,0.0,0.0,0.0,120.0,0.9276388,-0.16807058,9.76123,-0.010659575,0.008856177,-0.012041092,0.044454,-0.018428,0.976111,2017-05-19 13:42:37,49.38475153605806
0.94570965,-0.16519992,9.787497,0.0010652645,0.0,0.0,120.0,0.9252602,-0.16595909,9.761493,-0.0034925342,-0.005226329,0.01044178,0.044357,-0.018299,0.976107,2017-05-19 13:42:38,49.288909610799024
0.93373865,-0.16879122,9.78989,0.0,0.0,-0.0010652645,120.0,0.9235777,-0.17038433,9.761576,5.841255E-4,-0.0043923855,-0.018371582,0.044224,-0.018504,0.976097,2017-05-19 13:42:39,52.937016354429936
0.93373865,-0.19632454,9.76954,-0.0031957934,0.0031957934,0.0,120.0,0.923108,-0.16795862,9.7616625,-0.0133113265,0.0039557964,0.016257286,0.044225,-0.018382,0.97608,2017-05-19 13:42:40,56.64326526036728
0.92176765,-0.14963761,9.774328,-0.002130529,0.002130529,-0.0010652645,120.0,0.9203127,-0.16576499,9.761964,0.0349738,-0.032953754,0.019547462,0.044107,-0.018247,0.976064,2017-05-19 13:42:41,57.27302228907183
0.93732995,-0.15322891,9.7240505,0.0010652645,0.0,-0.0010652645,121.0,0.92035985,-0.16502686,9.761971,-0.002183497,-0.016932473,-0.02475357,0.044116,-0.018214,0.976048,2017-05-19 13:42:42,55.74681953943422
0.91458505,-0.16639702,9.757569,0.002130529,0.0010652645,0.0,120.0,0.9257866,-0.16626981,9.761437,0.0079520345,0.0082525015,-0.011051178,0.044373,-0.018337,0.976026,2017-05-19 13:42:43,55.631446587147096
0.90261406,-0.16639702,9.749189,0.002130529,-0.002130529,0.0,120.0,0.9258562,-0.17057683,9.761356,0.004291177,0.0077711046,-0.012166977,0.044328,-0.018557,0.976003,2017-05-19 13:42:44,52.25721221742093
0.90261406,-0.15562311,9.770737,0.0,0.0010652645,0.0010652645,122.0,0.9328605,-0.16872907,9.760721,0.0068636537,-0.037172273,0.006424904,0.044697,-0.018544,0.975973,2017-05-19 13:42:45,57.563567978997135
0.93134445,-0.17717093,9.753978,0.0,0.0,-0.002130529,120.0,0.93462193,-0.16957174,9.760538,0.0074964166,-0.0052049756,-0.013743401,0.044776,-0.018605,0.97597,2017-05-19 13:42:46,62.427260612524904
0.9516952,-0.16280572,9.800665,0.0,0.002130529,-0.0010652645,120.0,0.9297718,-0.16461667,9.761086,0.018332064,6.1385334E-4,-0.004714966,0.044586,-0.018308,0.975969,2017-05-19 13:42:48,62.20033910307198
0.92535895,-0.16400282,9.7563715,0.002130529,0.0,0.0010652645,122.0,0.9283064,-0.1602572,9.761299,-0.00175035,-0.0037456155,-0.025278091,0.044559,-0.018077,0.975963,2017-05-19 13:42:49,62.36275355734844
0.92655605,-0.14963761,9.733627,-0.0010652645,0.0031957934,-0.0010652645,122.0,0.9312383,-0.16059086,9.761014,-0.013061941,-0.005806163,-0.010627747,0.044701,-0.018128,0.975944,2017-05-19 13:42:50,57.394438429487465
0.92535895,-0.15322891,9.774328,0.0010652645,-0.0010652645,-0.0010652645,122.0,0.9290097,-0.164385,9.761163,-0.016818821,-0.017574325,0.031122208,0.044548,-0.018294,0.975943,2017-05-19 13:42:51,59.32544005241252
0.92775315,-0.18794483,9.765948,-0.002130529,0.0010652645,0.0010652645,120.0,0.9284409,-0.16292803,9.761242,-0.013855875,-0.016637102,0.025057793,0.044535,-0.018216,0.975941,2017-05-19 13:42:52,52.96623811733553
0.91458505,-0.17836803,9.743204,-0.0031957934,0.004261058,-0.0010652645,122.0,0.92691123,-0.16313985,9.761384,0.003236115,-0.0032571703,-0.030151367,0.044455,-0.018213,0.975929,2017-05-19 13:42:53,53.898705349764185
0.91697925,-0.17118542,9.774328,-0.0010652645,-0.0031957934,0.0010652645,122.0,0.9322894,-0.16733336,9.7608,0.002646327,0.0045276433,-0.049918175,0.044677,-0.018484,0.9759,2017-05-19 13:42:54,54.56639876880581
0.91697925,-0.15562311,9.738416,0.0010652645,-0.0010652645,0.0,119.0,0.9309674,-0.16577873,9.760953,0.007559657,-0.013786405,0.013375282,0.044627,-0.018394,0.975894,2017-05-19 13:42:55,56.01227083221531
0.92535895,-0.15442601,9.762358,0.0,0.0010652645,0.0,121.0,0.93020064,-0.1653716,9.761033,-0.013221383,-0.0010254234,-0.01064682,0.044592,-0.018368,0.975883,2017-05-19 13:42:56,54.6974984532887
0.92176765,-0.16280572,9.746795,0.002130529,0.0,0.0,121.0,0.9261481,-0.15891324,9.761526,0.01477313,-3.0116737E-4,-0.013533592,0.044459,-0.018003,0.975889,2017-05-19 13:42:57,53.76695450935539
0.91697925,-0.16280572,9.76954,-0.0010652645,0.0010652645,-0.0010652645,121.0,0.9292458,-0.16033082,9.761209,0.00209862,-0.0084604025,-0.0012454987,0.044597,-0.018111,0.975865,2017-05-19 13:42:58,61.30533033781893
0.92296475,-0.17956513,9.744401,-0.0010652645,0.0010652645,0.0,121.0,0.9286177,-0.16025665,9.761269,-8.645654E-4,-0.018111378,-0.03841591,0.044565,-0.018104,0.975849,2017-05-19 13:42:59,52.2250308294585
0.93373865,-0.18195933,9.781511,0.002130529,0.0010652645,0.0,119.0,0.9282201,-0.1686061,9.761167,0.007912755,0.016574293,-0.016765594,0.044454,-0.018517,0.975842,2017-05-19 13:43:00,54.06877372836143
0.93134445,-0.1592144,9.743204,0.0010652645,0.0010652645,0.0,122.0,0.9261257,-0.16501805,9.761426,-0.01752615,-0.009758666,-0.011039734,0.04439,-0.018311,0.975869,2017-05-19 13:43:01,57.77457702012676
0.91219085,-0.15562311,9.744401,-0.0010652645,0.0,-0.0010652645,120.0,0.9235749,-0.1647142,9.761674,0.010163724,0.0043026954,-0.0017108917,0.044265,-0.01827,0.975865,2017-05-19 13:43:02,55.65825535431518
0.93134445,-0.17956513,9.7324295,-0.0010652645,0.0,-0.0010652645,120.0,0.9246472,-0.16433454,9.761578,0.010288537,0.0123027265,0.007962227,0.044321,-0.018267,0.975842,2017-05-19 13:43:03,55.48483726426261
0.93613285,-0.16160862,9.759963,-0.0010652645,0.002130529,0.0,123.0,0.92650485,-0.16336946,9.761418,-0.005934298,0.0017608404,-0.045747757,0.044424,-0.01824,0.975834,2017-05-19 13:43:04,54.009115442729005
0.92535895,-0.16160862,9.738416,-0.0010652645,0.0010652645,0.0,122.0,0.929018,-0.16674662,9.761123,-0.03478366,0.0099264085,-0.021510124,0.044512,-0.018438,0.975817,2017-05-19 13:43:05,53.390853852831825
0.92296475,-0.16879122,9.759963,0.002130529,0.0,-0.0031957934,122.0,0.929014,-0.16273783,9.76119,0.016695619,-0.0168273,-0.010804176,0.044555,-0.018239,0.975814,2017-05-19 13:43:06,55.59206623135022
0.92416185,-0.15322891,9.76954,-0.0010652645,0.0010652645,-0.0010652645,120.0,0.9253534,-0.16733012,9.76146,0.004793942,0.0093128085,-0.014665604,0.04432,-0.018433,0.975797,2017-05-19 13:43:07,53.195761635437435
0.92655605,-0.17836803,9.739613,0.0010652645,-0.0010652645,0.0,122.0,0.9259619,-0.16730186,9.761403,0.004185438,-0.021840066,-0.0086221695,0.04435,-0.01844,0.975787,2017-05-19 13:43:08,55.65808344615362
0.92895025,-0.1448492,9.721656,-0.0010652645,0.0010652645,0.0,122.0,0.9236452,-0.17253914,9.761532,0.0017137527,0.026492834,0.0044164658,0.044178,-0.018674,0.975799,2017-05-19 13:43:09,52.797127283111834
0.88944596,-0.17238252,9.759963,-0.0010652645,0.002130529,0.0010652645,120.0,0.92103904,-0.16771661,9.761862,0.016290903,0.0073051006,0.010072708,0.044099,-0.018408,0.975792,2017-05-19 13:43:10,52.2735343907827
0.92296475,-0.16998832,9.733627,0.0010652645,-0.0010652645,0.0,121.0,0.92293197,-0.17117341,9.761622,-0.011938214,-0.008391723,0.023479462,0.044156,-0.018601,0.975787,2017-05-19 13:43:11,54.557004458718865
0.92655605,-0.15203181,9.740809,0.0,0.0,0.0010652645,121.0,0.9284635,-0.16682772,9.761174,-0.023455262,0.005219102,-0.016773224,0.044478,-0.018449,0.975756,2017-05-19 13:43:12,55.72544932960783
0.93493575,-0.16879122,9.752781,-0.0010652645,0.0,0.0,120.0,0.92661726,-0.16583523,9.761366,0.014303982,0.013803422,0.009370804,0.044395,-0.018383,0.975743,2017-05-19 13:43:13,57.30426268649644
0.92535895,-0.1448492,9.7563715,0.0,0.0,0.0,121.0,0.9301205,-0.16501895,9.761047,-0.023915172,-0.002575174,-0.009464264,0.044578,-0.018383,0.975724,2017-05-19 13:43:14,57.51708295454941
0.88944596,-0.12808979,9.77792,0.0010652645,0.002130529,0.0,120.0,0.93663514,-0.16655137,9.760398,-0.010079086,0.0013514459,0.003156662,0.044886,-0.018533,0.975697,2017-05-19 13:43:15,57.01514891630665
0.92176765,-0.17836803,9.752781,0.0,0.002130529,0.0010652645,121.0,0.9302285,-0.16435413,9.761047,-0.0024753213,-0.0176052,0.018069267,0.044589,-0.018355,0.975705,2017-05-19 13:43:16,57.75141705196211
0.92775315,-0.18794483,9.762358,-0.002130529,0.0010652645,-0.0010652645,122.0,0.924374,-0.16564035,9.761581,-0.0061976314,4.4043362E-4,0.012746811,0.044282,-0.018356,0.975713,2017-05-19 13:43:17,51.04113403329186
0.94092125,-0.15442601,9.739613,0.0010652645,0.002130529,-0.0010652645,122.0,0.9255964,-0.16532622,9.761472,-0.0014345646,-0.005859196,-0.01707077,0.044346,-0.018355,0.975704,2017-05-19 13:43:18,51.942172237767785
0.91099375,-0.142455,9.737218,0.002130529,-0.002130529,0.0010652645,121.0,0.9289315,-0.16638377,9.761137,0.010792673,0.003578052,-0.0023708344,0.0445,-0.018447,0.975683,2017-05-19 13:43:19,53.71669555299409
0.93134445,-0.16639702,9.758766,0.0010652645,0.0,0.0,121.0,0.92958367,-0.16591294,9.761083,-0.010210216,0.0019101202,-0.023864746,0.044538,-0.01843,0.975685,2017-05-19 13:43:20,56.60463006156978
0.94331545,-0.16280572,9.751583,0.0,0.0010652645,-0.0010652645,121.0,0.9240215,-0.16619188,9.761606,0.010914266,0.008174568,-0.0016431808,0.044257,-0.018383,0.975697,2017-05-19 13:43:21,49.53319520645031
0.92655605,-0.17357962,9.764751,-0.0010652645,0.0,-0.0010652645,120.0,0.9257728,-0.16243167,9.761503,0.009162962,-0.01473926,-0.017102242,0.044385,-0.018216,0.975688,2017-05-19 13:43:22,54.25705307929264
0.92895025,-0.18555063,9.758766,0.0010652645,0.0,0.0,122.0,0.93271077,-0.163172,9.760831,0.0010278821,-0.008013412,0.0051174164,0.044724,-0.018328,0.975677,2017-05-19 13:43:23,56.37715717730649
0.90500826,-0.16998832,9.706094,-0.0010652645,0.0031957934,0.0,122.0,0.92619824,-0.16533579,9.761415,0.012328804,0.020486593,0.034461975,0.044376,-0.018362,0.975703,2017-05-19 13:43:24,58.83938587311192
0.93373865,-0.18794483,9.7479925,-0.002130529,0.002130529,-0.0010652645,120.0,0.93060684,-0.16745783,9.760959,7.376075E-4,-0.0013333857,-0.01895237,0.044572,-0.018519,0.975678,2017-05-19 13:43:25,55.109965852904985
0.93014735,-0.15801731,9.799467,-0.002130529,0.004261058,-0.0010652645,120.0,0.9274238,-0.1651679,9.761301,0.011103272,-0.00960882,0.020210266,0.044437,-0.018372,0.975677,2017-05-19 13:43:26,59.624571521346475
0.93014735,-0.17357962,9.750386,0.0,-0.002130529,-0.0010652645,120.0,0.9290928,-0.15904565,9.761244,-0.012113571,0.001028344,-0.022828102,0.044586,-0.018088,0.975661,2017-05-19 13:43:27,57.032648842721755
0.93254155,-0.17118542,9.767146,0.0010652645,-0.0010652645,-0.0010652645,120.0,0.92787033,-0.16124818,9.761324,-0.015679479,0.00203377,0.0022306442,0.044499,-0.018189,0.975641,2017-05-19 13:43:28,57.08685007212284
0.92057055,-0.16280572,9.768343,0.0,0.0,-0.0010652645,120.0,0.9292664,-0.16418394,9.761142,-0.0063016415,0.018137634,-0.008360863,0.044537,-0.01835,0.97564,2017-05-19 13:43:29,57.39205923284038
0.92895025,-0.16879122,9.744401,0.0,-0.002130529,0.0010652645,120.0,0.9259638,-0.16162045,9.761498,0.017351627,-0.009564966,-0.038645744,0.044402,-0.018181,0.975672,2017-05-19 13:43:30,55.12416516332746
0.94810385,-0.16400282,9.7240505,0.0031957934,0.0010652645,0.0,120.0,0.9292197,-0.16212834,9.761182,-0.01104337,0.006505236,-0.02037239,0.04456,-0.01824,0.975674,2017-05-19 13:43:31,54.76573223030529
0.92416185,-0.14604631,9.7479925,0.0010652645,0.0010652645,0.0010652645,120.0,0.931553,-0.16290316,9.760945,0.004579842,-0.0058880597,-0.0069675446,0.044667,-0.018307,0.975655,2017-05-19 13:43:32,58.22754269329209
0.92176765,-0.1604115,9.730036,-0.0010652645,0.0010652645,-0.0010652645,120.0,0.9320498,-0.16593541,9.760847,-0.00549376,0.0079181045,-0.03200817,0.044659,-0.018463,0.975656,2017-05-19 13:43:33,58.84321536308191
0.91817635,-0.15682021,9.7719345,0.0031957934,0.0,0.0010652645,121.0,0.9324438,-0.16704114,9.76079,0.002491951,-0.00893268,3.7002563E-4,0.044666,-0.018524,0.975647,2017-05-19 13:43:34,59.85205060656717
0.93972415,-0.16879122,9.793482,0.0,0.0010652645,-0.0010652645,123.0,0.92462105,-0.16813266,9.761517,-0.01841569,0.010115355,-0.017115593,0.044263,-0.018493,0.975663,2017-05-19 13:43:35,60.958337664299485
0.93014735,-0.1436521,9.791088,-0.002130529,0.0010652645,-0.0010652645,120.0,0.9264731,-0.1650023,9.761394,8.2969666E-5,-0.010971516,-0.036146164,0.044389,-0.018359,0.975651,2017-05-19 13:43:36,58.95513172591244
0.92535895,-0.15682021,9.69532,0.0,0.0010652645,0.0,122.0,0.92892134,-0.16747934,9.76112,0.013197005,-0.008494481,-0.027492523,0.044484,-0.01851,0.975642,2017-05-19 13:43:37,59.24224696112432
0.92176765,-0.16519992,9.738416,0.0,-0.0010652645,0.0010652645,122.0,0.92931557,-0.17418659,9.760964,0.0068172812,-0.006575644,-0.011775017,0.04443,-0.01885,0.975632,2017-05-19 13:43:38,55.62260110798932
0.93014735,-0.15801731,9.734824,-0.0031957934,0.0063915867,0.0,122.0,0.933364,-0.1682208,9.760682,0.007557273,0.0078092963,-0.018675804,0.044697,-0.018598,0.97562,2017-05-19 13:43:39,54.70049241137772
0.92296475,-0.17118542,9.776723,0.0,0.0,0.0,122.0,0.93253917,-0.16645132,9.760792,-0.0035889149,-0.01909931,-0.024770737,0.044675,-0.018501,0.975621,2017-05-19 13:43:40,53.76448773939538
0.90141696,-0.16160862,9.725247,0.0031957934,-0.0010652645,0.0010652645,122.0,0.92378396,-0.16472693,9.761653,0.006363392,0.0031183064,0.048588753,0.044255,-0.018322,0.975628,2017-05-19 13:43:41,56.42767544197746
0.93254155,-0.16998832,9.76116,0.0,0.0,0.0,122.0,0.93119013,-0.16144602,9.761004,-0.010619581,-0.015724912,-0.00463295,0.04466,-0.018242,0.975601,2017-05-19 13:43:42,53.38656452749181
0.92535895,-0.17477672,9.749189,-0.0010652645,-0.0010652645,0.0,120.0,0.92920095,-0.17415419,9.760976,0.04164785,0.028107882,0.045674324,0.04442,-0.018858,0.97558,2017-05-19 13:43:43,56.1199045895127
0.92895025,-0.16400282,9.773131,0.0,0.002130529,-0.0010652645,120.0,0.92833763,-0.16999795,9.761131,-0.0017815828,-0.010764286,0.046715736,0.044422,-0.018642,0.97558,2017-05-19 13:43:44,52.6173443199466
0.93373865,-0.17238252,9.758766,-0.002130529,0.0010652645,-0.0010652645,120.0,0.9291938,-0.16699047,9.761102,-0.01700294,0.0077760667,-0.005927086,0.044497,-0.018503,0.975572,2017-05-19 13:43:46,54.53200792718591
0.92775315,-0.17717093,9.736021,0.002130529,-0.0010652645,0.0,120.0,0.9250119,-0.17004846,9.761446,-0.012821019,6.0141087E-5,-0.013453484,0.044254,-0.018611,0.975573,2017-05-19 13:43:47,55.25613083338926
0.92416185,-0.17477672,9.764751,0.0,0.0,0.0,120.0,0.93085694,-0.16800924,9.760925,-0.001906693,0.0052035153,0.0038261414,0.044569,-0.018572,0.975568,2017-05-19 13:43:48,53.38638313240948
0.91458505,-0.17357962,9.726444,0.0,0.0,-0.002130529,120.0,0.92875147,-0.16861236,9.761115,-0.020151913,-0.009755671,-0.032276154,0.044458,-0.018577,0.975582,2017-05-19 13:43:49,58.975473192891535
0.92057055,-0.16639702,9.740809,0.0010652645,-0.0010652645,0.0,122.0,0.92854965,-0.16854775,9.761136,-0.0067819953,-0.0014405698,-0.035888672,0.044448,-0.018573,0.975576,2017-05-19 13:43:50,50.2944934815764
0.93732995,-0.16519992,9.785102,-0.0010652645,0.0031957934,-0.0010652645,120.0,0.9276622,-0.16409138,9.761296,-0.0070916414,-0.01068534,0.0010614395,0.044452,-0.018342,0.975575,2017-05-19 13:43:51,53.392989580467344
0.94331545,-0.17238252,9.759963,-0.002130529,0.002130529,0.0,120.0,0.9299684,-0.17059837,9.760965,-0.011792064,-0.011360958,0.003786087,0.044496,-0.018692,0.975566,2017-05-19 13:43:52,55.2426663403394
0.92057055,-0.1592144,9.726444,-0.0010652645,0.004261058,0.0010652645,121.0,0.9287348,-0.17236185,9.761051,-0.0069671273,0.00955613,-0.003481865,0.044414,-0.018769,0.975555,2017-05-19 13:43:53,58.21134731178604
0.91338795,-0.16160862,9.719262,0.0,-0.0010652645,0.0,120.0,0.9270769,-0.16771424,9.761291,0.0066617727,0.0025143176,-0.008509636,0.044382,-0.018519,0.975561,2017-05-19 13:43:54,51.379564472133936
0.92416185,-0.16879122,9.7863,-0.002130529,0.0031957934,0.0,120.0,0.92879885,-0.16812406,9.76112,-0.022593498,0.016092256,0.009616852,0.044462,-0.018562,0.97554,2017-05-19 13:43:55,53.26394224930488
0.91937345,-0.15562311,9.739613,0.0010652645,-0.0031957934,-0.0010652645,122.0,0.92322934,-0.17226763,9.761576,0.015297711,-0.003706187,0.006767273,0.044139,-0.018706,0.975557,2017-05-19 13:43:56,53.731567364613596
0.92416185,-0.17238252,9.781511,0.0010652645,0.0,-0.0010652645,121.0,0.92595553,-0.16798998,9.761392,0.004191816,-0.0115751475,-0.0157938,0.044321,-0.018525,0.975542,2017-05-19 13:43:57,51.77369896746178
0.92895025,-0.16519992,9.753978,0.0010652645,0.0010652645,0.0,122.0,0.9230425,-0.16756015,9.761675,-0.0012748241,0.017922536,6.828308E-4,0.04418,-0.018472,0.975546,2017-05-19 13:43:58,55.75016995567918
0.92775315,-0.17357962,9.718064,0.0,0.0,-0.0010652645,122.0,0.92384213,-0.16582212,9.761629,0.0110936165,0.009001911,-0.010046005,0.044239,-0.018394,0.975546,2017-05-19 13:43:59,52.73569605036184
0.94211835,-0.15442601,9.745598,-0.0010652645,0.0,-0.002130529,122.0,0.9256757,-0.16332512,9.7614975,0.011654258,-0.0018748045,-0.033856392,0.044357,-0.018292,0.975531,2017-05-19 13:44:00,56.15413472114994
0.92535895,-0.15801731,9.81503,0.0010652645,-0.0010652645,0.0,121.0,0.9283522,-0.16191906,9.761267,0.0017951727,-0.004477963,0.003484726,0.044505,-0.018254,0.975513,2017-05-19 13:44:01,55.92304283171124
0.92655605,-0.16879122,9.791088,0.0,-0.0010652645,0.0,122.0,0.9240898,-0.16586414,9.761605,-0.017884433,0.009043932,0.015117645,0.04425,-0.018401,0.975535,2017-05-19 13:44:02,54.81351417531577
0.93613285,-0.17118542,9.752781,0.002130529,0.0,0.0,122.0,0.9186268,-0.1658632,9.762121,0.005535066,-0.0077164173,-0.0153265,0.043977,-0.018341,0.975547,2017-05-19 13:44:03,58.32901717631648
0.93014735,-0.15801731,9.714474,0.0010652645,0.0,-0.0010652645,122.0,0.9209129,-0.16956311,9.761842,0.025993824,0.023516804,0.010092735,0.044051,-0.01855,0.975543,2017-05-19 13:44:04,53.85051339227219
0.91458505,-0.17477672,9.749189,0.0,0.002130529,0.0,122.0,0.9277356,-0.16418137,9.761288,0.01438272,-0.033340275,-0.06357384,0.044449,-0.018361,0.975509,2017-05-19 13:44:05,57.548818512722505
0.92416185,-0.15442601,9.788693,0.0,0.002130529,0.0010652645,121.0,0.92966646,-0.1699358,9.761005,0.005269289,0.008327171,-0.054911613,0.044483,-0.018668,0.975507,2017-05-19 13:44:06,54.48923717001747
0.91937345,-0.16998832,9.757569,0.002130529,-0.0010652645,0.0,122.0,0.9286061,-0.17206134,9.761069,0.013512254,0.01883243,-0.019062996,0.044406,-0.018764,0.975501,2017-05-19 13:44:07,58.93027609560181
0.93134445,-0.16998832,9.7863,-0.0010652645,-0.0010652645,0.0,123.0,0.9288084,-0.17001398,9.761086,-0.014223337,0.009602472,-0.026262283,0.044439,-0.018663,0.975507,2017-05-19 13:44:08,54.60359637944063
0.94451255,-0.16759412,9.7324295,0.0010652645,-0.002130529,-0.0010652645,123.0,0.928327,-0.16511847,9.761215,0.004214525,-0.0024756491,-0.02639103,0.044468,-0.018415,0.975503,2017-05-19 13:44:09,57.542567971167514
0.90859956,-0.16160862,9.763555,0.0010652645,-0.0010652645,0.0,122.0,0.9287872,-0.16351451,9.761199,-0.015399218,0.007891402,-0.012009621,0.044509,-0.018339,0.975508,2017-05-19 13:44:10,56.16557829048128
0.94092125,-0.16759412,9.719262,0.002130529,0.0,0.0,121.0,0.9263544,-0.16307455,9.761437,-0.0021925569,-0.015293479,-0.031401634,0.044392,-0.018291,0.97551,2017-05-19 13:44:11,56.905422614014014
0.92176765,-0.18076223,9.752781,0.0010652645,0.0,0.0,122.0,0.92938834,-0.1660368,9.761099,0.007941604,-0.01831673,-0.008317947,0.044512,-0.01847,0.975512,2017-05-19 13:44:12,53.54240316854713
0.94930094,-0.18195933,9.759963,0.002130529,-0.0010652645,-0.0010652645,120.0,0.9283837,-0.16692272,9.76118,-0.006616056,-0.019825011,-0.022764206,0.044453,-0.018501,0.975524,2017-05-19 13:44:13,51.73446949020893
0.92775315,-0.17357962,9.759963,0.0010652645,-0.002130529,0.0,122.0,0.92720395,-0.16298443,9.761358,-0.0030421019,0.006164223,-0.02054882,0.044437,-0.018292,0.975527,2017-05-19 13:44:14,51.48862550313908
0.92655605,-0.16879122,9.716867,0.002130529,-0.0031957934,-0.0010652645,120.0,0.92836434,-0.16557255,9.761204,-0.008990884,-8.2446635E-4,-0.023985863,0.044467,-0.018433,0.975527,2017-05-19 13:44:15,55.69738098555764
0.93254155,-0.16879122,9.734824,0.0010652645,0.0,0.0,120.0,0.9296012,-0.1652839,9.761091,0.006531656,-0.008295715,-0.014296532,0.044532,-0.018432,0.975526,2017-05-19 13:44:16,57.31913977749411
0.93732995,-0.19033903,9.782708,0.0,0.0,0.0,120.0,0.9278643,-0.17339227,9.761116,0.013056934,-0.013355464,0.018000603,0.044357,-0.018816,0.975532,2017-05-19 13:44:17,63.843034866704315
0.92057055,-0.14724341,9.744401,-0.0010652645,0.0,0.0,120.0,0.92799145,-0.17098515,9.761147,0.009338498,0.020150438,-0.0347023,0.044389,-0.018699,0.975525,2017-05-19 13:44:18,64.9719508131104
0.93493575,-0.17357962,9.727641,0.0,0.0,-0.0010652645,120.0,0.9262555,-0.16875763,9.76135,-0.01406467,0.007149011,-0.006175041,0.044327,-0.018568,0.975534,2017-05-19 13:44:19,54.14202692335692
0.92775315,-0.15682021,9.76116,0.002130529,-0.0010652645,-0.0010652645,121.0,0.92979914,-0.16844736,9.761019,0.023093164,0.0032474399,0.0013389587,0.044506,-0.018595,0.975509,2017-05-19 13:44:20,55.88731160927702
0.93493575,-0.17118542,9.751583,0.002130529,0.0,0.0,120.0,0.9311256,-0.16536413,9.760945,-0.009357929,0.020514935,0.014579773,0.044606,-0.018456,0.975506,2017-05-19 13:44:21,50.37078375019183
0.92895025,-0.18076223,9.7479925,0.0010652645,-0.0010652645,-0.0010652645,122.0,0.92829144,-0.16695216,9.761188,-0.0077208877,0.007737756,0.0023670197,0.044447,-0.018504,0.975512,2017-05-19 13:44:22,51.34069292826547
0.93014735,-0.17357962,9.763555,0.0,0.004261058,0.0,120.0,0.92851925,-0.16729406,9.76116,0.0028252006,0.023641959,-0.016758919,0.044454,-0.018525,0.975505,2017-05-19 13:44:23,53.806491747711284
0.91817635,-0.15682021,9.751583,0.0,0.002130529,0.0,122.0,0.92839885,-0.16328572,9.76124,0.0089311,0.014845207,0.027453423,0.044491,-0.018326,0.975496,2017-05-19 13:44:24,53.282486231313236
0.92775315,-0.17477672,9.770737,0.0,0.002130529,0.0,122.0,0.9233048,-0.16561201,9.761683,0.024799049,-0.0067705065,0.0042648315,0.044211,-0.018386,0.975506,2017-05-19 13:44:25,53.45113474171243
0.92655605,-0.15083471,9.740809,0.0010652645,-0.0010652645,-0.0010652645,121.0,0.92510265,-0.16940023,9.761449,0.03616935,-0.0173475,-2.8896332E-4,0.04426,-0.018593,0.975509,2017-05-19 13:44:26,56.89643824685711
0.93134445,-0.16639702,9.743204,0.0010652645,0.0,0.0,121.0,0.92509,-0.16629724,9.761503,0.013437033,-0.0060852766,-0.013510704,0.044293,-0.018439,0.975506,2017-05-19 13:44:27,58.51105215716327
0.92775315,-0.17717093,9.749189,0.0,-0.0010652645,0.0,120.0,0.9271671,-0.16623922,9.761307,0.037696183,0.0070248097,-0.012117386,0.044397,-0.01846,0.975496,2017-05-19 13:44:28,57.35118568874246
0.94092125,-0.1448492,9.750386,-0.002130529,-0.002130529,0.0010652645,122.0,0.9323183,-0.16374692,9.760859,-0.00336802,0.017700613,-0.010472298,0.044681,-0.018394,0.975478,2017-05-19 13:44:29,56.227976850842474
0.93014735,-0.16639702,9.765948,0.0,0.0,0.0,120.0,0.9329981,-0.16559649,9.760762,-4.5657158E-4,-0.007983133,-0.013967514,0.044695,-0.018493,0.975479,2017-05-19 13:44:30,54.363321309934776
0.92895025,-0.17477672,9.749189,0.0,0.0,-0.0010652645,120.0,0.92641294,-0.16599058,9.761382,-0.016616285,0.010367468,-0.008601189,0.044363,-0.018437,0.975509,2017-05-19 13:44:31,57.13242867664406
0.92416185,-0.17477672,9.752781,0.0,0.0,-0.0010652645,120.0,0.9331721,-0.16676651,9.760725,-0.017389953,-0.016389921,0.005223274,0.044691,-0.018553,0.975479,2017-05-19 13:44:32,55.5805374859495
0.91937345,-0.15682021,9.7719345,0.0010652645,-0.0010652645,0.0,120.0,0.934565,-0.1696362,9.760543,-0.023571253,-0.0015492141,-0.029310226,0.044726,-0.018719,0.975438,2017-05-19 13:44:33,54.04436439774871
0.90500826,-0.17118542,9.794679,0.0,0.0,0.0,122.0,0.9245071,-0.16802044,9.761529,0.018808365,-0.013938889,-0.019522667,0.044241,-0.018528,0.975461,2017-05-19 13:44:34,59.10473762044716
0.92895025,-0.14844051,9.758766,0.0010652645,0.0010652645,0.0,120.0,0.92476326,-0.16602546,9.7615385,0.008975387,-0.0039628595,-0.015940666,0.044275,-0.018433,0.975453,2017-05-19 13:44:35,58.21612337785973
0.92416185,-0.17477672,9.742006,0.0010652645,0.0010652645,0.0010652645,122.0,0.9291933,-0.16697304,9.761102,-0.008622766,5.760193E-4,0.010832787,0.044486,-0.018529,0.975442,2017-05-19 13:44:36,55.16694823488025
0.92535895,-0.16280572,9.762358,0.0,-0.0010652645,0.0,122.0,0.9289759,-0.16412759,9.76117,-0.0024198294,0.015687078,-0.010784149,0.044507,-0.018383,0.975453,2017-05-19 13:44:37,51.996495467460875
0.90261406,-0.1436521,9.775525,0.002130529,-0.002130529,-0.0010652645,121.0,0.92693883,-0.16269553,9.761388,8.1431866E-4,-0.013278291,-0.021775246,0.044421,-0.018289,0.975459,2017-05-19 13:44:38,50.26421618770982
0.94211835,-0.15682021,9.755175,0.0,0.0,0.0,122.0,0.9238593,-0.16060725,9.761714,-0.0020916462,-0.01297237,-0.006539345,0.044288,-0.018156,0.975442,2017-05-19 13:44:39,51.928175736308276
0.92895025,-0.16998832,9.739613,0.002130529,-0.002130529,-0.002130529,122.0,0.92501736,-0.16678591,9.761501,0.01710099,-0.019961819,-0.023085594,0.044278,-0.018477,0.975436,2017-05-19 13:44:40,50.55776572579517
0.93732995,-0.14724341,9.718064,-0.0010652645,0.0,0.0010652645,122.0,0.9267033,-0.16691718,9.761339,-0.004935622,0.024462178,0.004609108,0.04436,-0.018504,0.975423,2017-05-19 13:44:41,50.92290368689998
0.93373865,-0.18195933,9.753978,0.0010652645,-0.0010652645,0.0010652645,120.0,0.9276813,-0.1639327,9.761297,7.18236E-5,0.007112488,0.007045746,0.044442,-0.018365,0.975427,2017-05-19 13:44:42,50.02715233304335
0.92535895,-0.16280572,9.749189,0.002130529,0.0010652645,0.0010652645,121.0,0.931821,-0.16290118,9.760921,0.017479956,-0.0070871413,0.0026340485,0.044659,-0.018362,0.975404,2017-05-19 13:44:44,53.12892595097145
0.91458505,-0.15801731,9.77792,0.0,0.0,-0.0010652645,120.0,0.93247086,-0.16228467,9.760868,-0.019082904,-0.0029152483,0.005080223,0.044698,-0.018339,0.9754,2017-05-19 13:44:45,53.58644079521396
0.91099375,-0.16400282,9.728839,0.0,0.0010652645,0.002130529,120.0,0.9282802,-0.16037539,9.761299,0.0018671751,-0.009612933,-0.014504433,0.044509,-0.018199,0.975404,2017-05-19 13:44:46,55.09027525563457
0.90500826,-0.17238252,9.775525,0.0010652645,0.0,0.0,120.0,0.92651904,-0.16233248,9.761434,-0.015525281,-0.012444243,-0.023017883,0.0444,-0.018276,0.975413,2017-05-19 13:44:47,52.468371412513775
0.94570965,-0.16519992,9.745598,0.0010652645,-0.0010652645,0.0,120.0,0.9255422,-0.1679234,9.761432,-0.012154222,0.007511899,-0.015833855,0.044289,-0.018546,0.975403,2017-05-19 13:44:48,55.89806279340256
0.92895025,-0.1448492,9.731233,0.0010652645,0.0,-0.0010652645,120.0,0.9231445,-0.16497645,9.76171,-0.012150764,0.00815624,-0.011323929,0.044201,-0.018374,0.975403,2017-05-19 13:44:49,55.92672554721963
0.92416185,-0.17118542,9.774328,0.002130529,0.0010652645,0.0,122.0,0.9267477,-0.16394086,9.761385,0.030933022,0.015500352,0.008154869,0.044392,-0.018363,0.975391,2017-05-19 13:44:50,59.28054257595764
0.9516952,-0.17956513,9.794679,0.0010652645,0.0010652645,-0.0010652645,120.0,0.9265276,-0.1676847,9.761343,-0.021519363,0.015652895,-0.03729248,0.04434,-0.018547,0.975391,2017-05-19 13:44:51,57.005156880901346
0.94092125,-0.17238252,9.740809,0.0010652645,0.0010652645,0.0,122.0,0.92758936,-0.16484153,9.761291,1.6379356E-4,-0.0123294,0.020220757,0.044423,-0.01842,0.975375,2017-05-19 13:44:52,54.31698328522686
0.91817635,-0.14844051,9.774328,0.002130529,-0.002130529,0.0010652645,122.0,0.923856,-0.16082375,9.761711,0.032627583,-0.010361671,-0.018507004,0.04428,-0.01818,0.975378,2017-05-19 13:44:53,57.37118676841632
0.92176765,-0.18555063,9.752781,0.0010652645,0.0,0.0,120.0,0.9254051,-0.1625249,9.761537,-0.003637433,-0.027814135,-0.002770424,0.044337,-0.018286,0.975354,2017-05-19 13:44:54,63.47340670040197
0.92535895,-0.19153613,9.755175,0.0010652645,0.0010652645,0.0,122.0,0.9300626,-0.16866148,9.76099,-0.0070978403,-0.013297856,-0.033349037,0.044502,-0.018644,0.975337,2017-05-19 13:44:55,58.31362282971345
0.90381116,-0.17597382,9.797073,-0.0010652645,0.0010652645,0.0,122.0,0.92967975,-0.16788508,9.76104,0.005255997,0.0026851594,-0.0010766983,0.044491,-0.018602,0.975334,2017-05-19 13:44:56,58.642018754858405
0.92296475,-0.17477672,9.773131,0.0,-0.0010652645,-0.0010652645,122.0,0.9278362,-0.16576676,9.761251,0.005902469,0.01732625,0.0023031235,0.044421,-0.018479,0.975324,2017-05-19 13:44:57,60.23382878261582
0.93254155,-0.15801731,9.7563715,0.0010652645,0.0,-0.002130529,122.0,0.9206666,-0.16803843,9.761891,0.0011010766,-0.016315103,0.0064516068,0.044037,-0.018515,0.975331,2017-05-19 13:44:58,56.28782859210783
0.93014735,-0.16879122,9.738416,0.0010652645,0.0,-0.002130529,120.0,0.9235672,-0.1668674,9.761638,0.0053830743,-0.0126977265,0.007902145,0.044193,-0.018493,0.975303,2017-05-19 13:44:59,56.75348637746949
0.93852705,-0.16759412,9.76116,0.002130529,-0.002130529,0.0,122.0,0.9297594,-0.1646085,9.761087,0.008767664,0.0077882856,-0.0023212433,0.044525,-0.018454,0.975265,2017-05-19 13:45:00,59.62438773723379
0.92057055,-0.15801731,9.7324295,0.0010652645,0.0010652645,-0.0010652645,120.0,0.9293806,-0.16331623,9.761146,-4.3034554E-4,-0.034205407,-0.0047740936,0.044518,-0.018391,0.975239,2017-05-19 13:45:01,59.051804229671035
0.91817635,-0.17597382,9.757569,0.0,0.0,-0.0010652645,120.0,0.9280869,-0.16608459,9.761222,-0.009910524,-0.00988923,0.0430336,0.044424,-0.018512,0.975254,2017-05-19 13:45:02,57.56729414966853
0.94092125,-0.15682021,9.763555,-0.0010652645,-0.0010652645,0.0,120.0,0.9271789,-0.1638625,9.761346,-6.2286854E-4,-0.019293934,-0.002579689,0.044404,-0.018389,0.975268,2017-05-19 13:45:03,60.0331350872277
0.92296475,-0.16879122,9.76116,-0.0010652645,0.0010652645,0.0,120.0,0.9269728,-0.16363823,9.761369,-0.006402254,-0.011138484,0.005777359,0.044396,-0.018376,0.975266,2017-05-19 13:45:04,59.87210281716976
0.94331545,-0.17956513,9.7479925,-0.0010652645,0.0010652645,0.0,120.0,0.92827046,-0.16591991,9.761208,-0.022065103,-0.005265504,0.0083322525,0.044437,-0.018501,0.975277,2017-05-19 13:45:05,55.4666126666104
0.91099375,-0.14604631,9.749189,0.0010652645,-0.0010652645,0.0010652645,120.0,0.9304744,-0.16810198,9.760961,-0.0039183497,0.02205567,-0.0033912659,0.044524,-0.018632,0.975281,2017-05-19 13:45:06,54.10158571580552
0.93134445,-0.16160862,9.783905,0.0,0.002130529,0.0,120.0,0.9363187,-0.16979738,9.760372,0.002208352,0.011780068,-0.013577461,0.044799,-0.018777,0.975287,2017-05-19 13:45:07,55.182962425110546
0.93732995,-0.18195933,9.701305,0.002130529,0.0,-0.0010652645,122.0,0.9346812,-0.16818404,9.760556,0.0026487708,0.0029841214,-0.002986908,0.044736,-0.018676,0.975303,2017-05-19 13:45:08,55.726940342458285
0.92296475,-0.14604631,9.734824,0.0010652645,0.002130529,-0.0010652645,122.0,0.9281867,-0.16919482,9.761159,0.013931632,-0.009173214,-0.014364243,0.044399,-0.018658,0.975302,2017-05-19 13:45:09,57.813046421909476
0.94092125,-0.16160862,9.725247,0.0,-0.0010652645,0.0,122.0,0.92246544,-0.1685187,9.761713,0.0016964078,-0.0074551105,-0.0017499924,0.044119,-0.018565,0.975296,2017-05-19 13:45:10,60.625255263885805
0.92057055,-0.17836803,9.767146,0.002130529,-0.0010652645,-0.0010652645,122.0,0.92749536,-0.16472109,9.761301,-0.003333509,-0.0052672327,-0.013308525,0.044413,-0.018429,0.975297,2017-05-19 13:45:11,57.83549629944079
0.91937345,-0.18195933,9.716867,0.0010652645,-0.0010652645,0.0,121.0,0.928327,-0.16248794,9.76126,-0.028107166,-0.0027119815,0.013068199,0.044477,-0.018332,0.975271,2017-05-19 13:45:12,54.10581182124336
0.90620536,-0.16160862,9.697714,0.0010652645,0.0,0.0,121.0,0.9316352,-0.16818886,9.760848,-0.014655948,0.031719357,0.06974411,0.044579,-0.018654,0.975255,2017-05-19 13:45:13,55.5295442958056
0.92176765,-0.17836803,9.721656,0.0010652645,-0.002130529,0.0,120.0,0.93220145,-0.16756833,9.760805,-0.027193189,-0.019179404,-0.023587227,0.044613,-0.018632,0.975241,2017-05-19 13:45:14,55.40875886698824
0.93852705,-0.16998832,9.758766,0.0010652645,0.0,0.0,121.0,0.9275737,-0.16683623,9.761258,0.009756267,0.0016363114,-0.0036888123,0.04439,-0.018544,0.975254,2017-05-19 13:45:15,56.64342237152641
0.93613285,-0.18435353,9.7958765,0.0010652645,0.0010652645,0.0,120.0,0.93020964,-0.16324002,9.761068,0.004726112,-0.009142503,0.03480816,0.04456,-0.018397,0.975234,2017-05-19 13:45:16,55.18470473297167
0.93014735,-0.17836803,9.793482,0.0010652645,0.0010652645,-0.0010652645,121.0,0.931443,-0.16651076,9.760896,-9.852648E-5,-0.009463057,-0.011706352,0.044585,-0.018575,0.975224,2017-05-19 13:45:17,56.29350161491664
0.92296475,-0.15203181,9.731233,-0.0010652645,0.0,0.0010652645,120.0,0.9316623,-0.16562149,9.76089,0.0020763278,4.2156875E-4,0.009846687,0.044605,-0.018535,0.975214,2017-05-19 13:45:18,58.444944157372376
0.9516952,-0.1388637,9.768343,0.0010652645,0.0,0.0,120.0,0.9309496,-0.16766322,9.760922,-0.0019993782,-0.001128003,0.027770996,0.044546,-0.018631,0.975205,2017-05-19 13:45:19,58.733792550436974
0.92176765,-0.17238252,9.773131,0.0,-0.0010652645,0.0,120.0,0.9303452,-0.16462718,9.761032,0.010576069,0.0042156726,-0.03458786,0.044548,-0.018476,0.975193,2017-05-19 13:45:20,55.85649983553763
0.92176765,-0.15562311,9.746795,0.0063915867,-0.002130529,0.0,120.0,0.9263487,-0.16776179,9.761358,0.034923315,0.007350281,0.0057878494,0.044313,-0.01859,0.975191,2017-05-19 13:45:21,56.141303574851804
0.92296475,-0.17238252,9.752781,-0.0010652645,0.0,-0.0010652645,120.0,0.92555726,-0.16411413,9.761496,-0.0037896037,0.002505511,0.01762104,0.044313,-0.018401,0.975187,2017-05-19 13:45:22,55.67817441907878
0.90500826,-0.15203181,9.799467,0.0010652645,0.0,0.0010652645,122.0,0.9249012,-0.1664167,9.7615185,0.01721716,-0.0011774153,-0.018314362,0.044253,-0.018513,0.975165,2017-05-19 13:45:23,54.18413217541633
0.9504981,-0.17238252,9.792285,0.0,0.002130529,-0.002130529,122.0,0.92202854,-0.16143177,9.761874,9.3621016E-4,0.007005766,0.0016803741,0.044164,-0.018234,0.975167,2017-05-19 13:45:24,53.42145152636788
0.91697925,-0.15682021,9.744401,0.0,-0.0010652645,-0.0010652645,122.0,0.9219954,-0.16570254,9.7618065,-2.2774935E-4,0.004093915,-0.020997047,0.044115,-0.018447,0.975163,2017-05-19 13:45:25,56.43100821778589
0.93373865,-0.16759412,9.740809,-0.0010652645,-0.0010652645,0.0,120.0,0.92748255,-0.16800131,9.761247,0.012241602,0.026743412,0.0058994293,0.044363,-0.018624,0.975142,2017-05-19 13:45:26,57.712801878415625
0.92416185,-0.17836803,9.7863,0.0,0.0,0.0010652645,121.0,0.9277249,-0.16793434,9.761225,-0.021519542,-0.014024988,0.0011329651,0.044376,-0.018623,0.975143,2017-05-19 13:45:27,56.206935330502894
0.91817635,-0.1604115,9.765948,0.002130529,0.0,0.0010652645,120.0,0.9278,-0.16558477,9.761258,0.029880702,-0.023557156,-0.010871887,0.044406,-0.018506,0.975147,2017-05-19 13:45:28,54.55055663095926
0.90979666,-0.15442601,9.759963,-0.0010652645,0.002130529,-0.0010652645,119.0,0.9276742,-0.16293572,9.761314,0.013247073,0.00850971,-0.008533478,0.04443,-0.01837,0.975161,2017-05-19 13:45:29,54.82817549845096
0.93493575,-0.18076223,9.774328,0.0010652645,0.002130529,-0.0010652645,121.0,0.927441,-0.16213691,9.761351,0.0015092492,-0.007851407,-0.006175995,0.044427,-0.018328,0.97516,2017-05-19 13:45:30,56.86712211098452
0.93134445,-0.17357962,9.787497,-0.0010652645,-0.0010652645,0.0,121.0,0.9277035,-0.16670798,9.761248,-0.021498144,0.013479069,-0.015649796,0.04439,-0.018558,0.975161,2017-05-19 13:45:31,58.21409001435097
0.91697925,-0.17717093,9.7479925,0.002130529,0.0,0.0,121.0,0.92811084,-0.16491391,9.76124,0.022387266,0.010487899,-0.015642166,0.044431,-0.018471,0.975171,2017-05-19 13:45:32,55.83244973768065
0.93014735,-0.17238252,9.768343,0.0010652645,-0.0010652645,0.0,121.0,0.9283608,-0.16245057,9.761257,0.005377829,0.009221658,-0.008476257,0.044469,-0.018355,0.975152,2017-05-19 13:45:33,54.26917015616793
0.92416185,-0.15203181,9.702502,0.002130529,0.0,0.0,121.0,0.9270236,-0.16388907,9.76136,-0.016029835,0.004674658,0.029727936,0.044385,-0.018415,0.97514,2017-05-19 13:45:34,55.294648938588196
0.92655605,-0.15801731,9.7803135,0.002130529,-0.002130529,0.0,122.0,0.9265463,-0.16071326,9.761458,0.0036010742,0.0050901473,-0.015860558,0.044396,-0.018252,0.975139,2017-05-19 13:45:35,58.83252169083028
0.93732995,-0.15562311,9.797073,0.0010652645,0.0,0.0,120.0,0.9305165,-0.1664091,9.760985,-0.0039604306,-0.010761827,-0.027358055,0.044531,-0.018581,0.975122,2017-05-19 13:45:36,56.95339365093361
0.93732995,-0.16280572,9.736021,0.0010652645,-0.0010652645,-0.0010652645,120.0,0.9265445,-0.16951899,9.76131,-0.017944932,0.003121972,0.0022449493,0.044297,-0.018695,0.975115,2017-05-19 13:45:37,53.285325767327365
0.91937345,-0.16759412,9.731233,0.0010652645,-0.0010652645,-0.0010652645,120.0,0.9288236,-0.16717196,9.761133,0.0049150586,-0.014787376,0.0048151016,0.044436,-0.018605,0.975103,2017-05-19 13:45:38,54.38701874747623
0.92535895,-0.15442601,9.750386,-0.002130529,0.0010652645,0.0010652645,120.0,0.92625165,-0.16563062,9.761404,0.008684099,4.3070316E-4,-0.024186134,0.044324,-0.018501,0.975103,2017-05-19 13:45:39,63.72977976848291
0.94570965,-0.15322891,9.752781,0.002130529,-0.0010652645,0.0010652645,120.0,0.9272111,-0.1666891,9.761294,-0.0102318525,-0.018861532,0.028595924,0.04436,-0.018565,0.975097,2017-05-19 13:45:40,64.11138054631355
0.93613285,-0.17477672,9.782708,0.0010652645,0.0010652645,0.0,120.0,0.9312545,-0.16222373,9.760985,0.01325804,0.0030093193,0.0037660599,0.044611,-0.018388,0.975086,2017-05-19 13:45:42,55.36616800916669
0.93493575,-0.17357962,9.731233,0.002130529,0.0,0.0010652645,120.0,0.93065566,-0.16170388,9.761051,0.001885891,0.019248888,-0.041789055,0.044587,-0.018355,0.97509,2017-05-19 13:45:43,58.95736076438762
0.94570965,-0.17597382,9.767146,0.0010652645,0.0,0.0,120.0,0.9302819,-0.16095755,9.7611,-0.0037258267,5.4603815E-4,-0.021487236,0.044576,-0.018315,0.975085,2017-05-19 13:45:44,54.755840006751875
0.94331545,-0.1388637,9.767146,0.0010652645,0.0,0.0,120.0,0.93278027,-0.16594854,9.7607765,-0.011012614,0.021099344,-0.035529137,0.044645,-0.018593,0.97507,2017-05-19 13:45:45,53.55712429110643
0.92535895,-0.1604115,9.736021,0.0,0.0010652645,0.0,120.0,0.9321627,-0.17326811,9.760709,0.011152744,0.014053702,-0.0019426346,0.044535,-0.018947,0.975087,2017-05-19 13:45:46,53.57886596322348
0.89423436,-0.14844051,9.76116,0.0,0.0,0.0,120.0,0.9317545,-0.17027745,9.7608,0.003181219,0.018245637,0.01951313,0.044547,-0.018795,0.975081,2017-05-19 13:45:47,60.209434078096606
0.93254155,-0.19512744,9.742006,0.002130529,-0.0010652645,0.0010652645,120.0,0.93244064,-0.16730458,9.760786,-0.008278787,0.0033017546,-0.0044145584,0.044613,-0.018657,0.975069,2017-05-19 13:45:48,56.73803087872425
0.94211835,-0.1388637,9.767146,0.0,0.0,-0.0010652645,120.0,0.92822933,-0.16426677,9.761239,-0.014841378,0.013432056,0.0035123825,0.044437,-0.018457,0.975089,2017-05-19 13:45:49,54.85936152235812
0.90979666,-0.16160862,9.728839,-0.002130529,0.004261058,0.0,120.0,0.927886,-0.16427524,9.761272,0.0010642409,0.008652136,0.08847332,0.04442,-0.018453,0.975093,2017-05-19 13:45:50,50.848071533165594
0.92416185,-0.1436521,9.739613,-0.0010652645,0.0010652645,0.0,120.0,0.92170256,-0.16683036,9.761814,0.026401281,0.006418854,0.022090912,0.044082,-0.018514,0.975095,2017-05-19 13:45:51,54.168041585135356
0.92296475,-0.16400282,9.776723,0.002130529,0.0,-0.002130529,120.0,0.92889833,-0.16475224,9.761168,-0.014313281,0.012720436,0.014357567,0.044462,-0.018496,0.975051,2017-05-19 13:45:52,58.45340577124459
0.93613285,-0.16759412,9.773131,0.0010652645,0.0010652645,-0.0010652645,121.0,0.9272365,-0.16267891,9.76136,-0.019834042,0.010647103,-0.014565468,0.044402,-0.018374,0.975057,2017-05-19 13:45:53,63.287515076017854
0.93852705,-0.17118542,9.737218,-0.0010652645,-0.0010652645,-0.0010652645,121.0,0.92983466,-0.16412659,9.761089,0.012283683,-0.016635641,-0.017885208,0.044517,-0.018472,0.975065,2017-05-19 13:45:54,53.86256728113173
0.93014735,-0.16879122,9.757569,-0.002130529,0.002130529,-0.0010652645,120.0,0.93345577,-0.1664136,9.760704,-0.012885213,0.003607884,0.017215729,0.044671,-0.01863,0.975037,2017-05-19 13:45:55,53.541081629091195
0.9504981,-0.18195933,9.762358,0.0,0.0,0.0010652645,119.0,0.9326409,-0.16726913,9.760768,-0.0024935603,-0.009901807,0.017151833,0.044619,-0.018668,0.975017,2017-05-19 13:45:56,52.87884673794295
0.93732995,-0.17477672,9.7479925,0.002130529,0.0010652645,0.0,119.0,0.9293544,-0.16717595,9.761083,-0.013572276,0.007961541,-0.028653145,0.044455,-0.018629,0.975014,2017-05-19 13:45:57,56.67325038999309
0.90261406,-0.16400282,9.773131,0.0,-0.0010652645,0.0,120.0,0.9299868,-0.17146444,9.760948,0.044453323,0.0062645227,-0.027320862,0.044439,-0.01885,0.97501,2017-05-19 13:45:58,58.417526439776296